,Unnamed: 0,Unnamed: 0.1,Medlemsnummer,Chipnumber,Telefon,Email,Aktiv,Gender,Regnummer,Age,duration,distance,Class
8,8,8,498,1241361,1,0,0,mand,9001,24.0,33,2.611545558849014,0.0
14,14,15,505,972493,1,0,0,kvinde,9046,47.0,197,8.702910002435251,1.0
20,20,21,511,1057055,1,0,1,mand,5344,41.0,820,1.6289668887246531,1.0
35,35,43,533,1057046,1,1,0,mand,8113,43.0,962,6.1443920830533365,1.0
38,38,46,536,1057393,1,0,0,mand,5344,26.0,460,0.7889439957105895,1.0
41,41,50,540,1961185,1,0,1,mand,7541,27.0,692,2.8647957129232715,1.0
42,42,51,541,1057404,1,1,0,mand,8091,29.0,298,8.247840314419497,1.0
53,53,63,555,972108,1,1,0,mand,9002,42.0,514,0.6166042762808773,1.0
58,58,68,560,1057376,1,1,0,mand,7370,37.0,60,1.0939061433008843,0.0
61,61,71,563,1057377,1,1,0,mand,9070,28.0,757,4.272010145410636,1.0
63,63,73,565,1450766,1,1,0,mand,8215,25.0,2317,3.40679199033044,1.0
64,64,74,566,1057056,1,0,0,mand,7370,24.0,111,5.506103235617397,1.0
86,86,103,596,1057053,1,1,1,mand,7360,28.0,1387,0.9166999343857836,1.0
88,88,106,599,783140,1,1,0,mand,9070,32.0,190,43.54578482134193,1.0
91,91,109,602,1241247,1,1,0,kvinde,7370,41.0,112,0.6360318873120768,1.0
94,94,112,605,1241219,1,1,0,mand,7370,25.0,121,2.8333395049934964,1.0
95,95,113,606,1241197,1,0,0,kvinde,9001,22.0,49,1.2863007599804608,0.0
96,96,114,607,783158,1,1,0,mand,9001,32.0,890,2.5249266768044856,1.0
97,97,115,608,1241196,1,1,0,mand,9002,26.0,552,3.664319736501265,1.0
98,98,116,609,972104,1,1,0,mand,9070,31.0,157,2.6590987627978486,1.0
99,99,117,610,1241194,1,1,0,mand,9001,44.0,795,1.7511472224158982,1.0
100,100,118,611,1241193,1,1,0,mand,9827,25.0,734,1.7511472224158982,1.0
102,102,121,615,1057369,1,0,0,mand,5344,27.0,91,11.28334512203391,1.0
103,103,122,616,1241195,1,1,0,mand,1111,28.0,-3,0.1991484247738214,0.0
104,104,123,617,1241191,1,1,0,mand,4571,47.0,606,9.896511418628958,1.0
105,105,124,618,1241190,1,1,0,mand,7370,43.0,2494,1.1074775930709595,1.0
106,106,125,619,1241237,1,1,0,kvinde,9001,26.0,210,3.5944836275080383,1.0
107,107,126,620,1241238,1,1,0,mand,9001,40.0,210,3.5944836275080383,1.0
108,108,127,621,972462,1,1,0,mand,9001,26.0,541,2.1944428317314637,1.0
109,109,128,622,1450427,1,0,0,mand,2620,28.0,1238,5.156618505715419,1.0
110,110,130,624,972496,1,0,0,mand,9001,26.0,349,8.505332299327852,1.0
111,111,131,625,972465,1,0,1,mand,9001,57.0,2785,1.2600637677967954,1.0
112,112,132,626,1241231,1,1,0,mand,9002,28.0,42,1.0239827772903398,0.0
113,113,133,627,782711,1,1,0,mand,25,28.0,461,1.0160331732378105,1.0
114,114,134,628,1241206,1,1,0,mand,9206,26.0,948,2.3032181427435585,1.0
115,115,135,629,783185,1,1,0,mand,9001,30.0,127,5.497063503515303,1.0
116,116,136,630,1057368,1,1,0,mand,9067,25.0,61,14.983806996000693,0.0
117,117,137,632,1241201,1,1,0,mand,9075,25.0,183,11.462332112666974,1.0
118,118,138,633,1241202,1,1,0,mand,9070,25.0,183,11.37633100599216,1.0
119,119,139,634,972438,1,1,0,mand,9067,30.0,274,0.9982500091494924,1.0
120,120,140,635,1241230-reused2,1,1,0,mand,7370,49.0,362,1.7862779601393417,1.0
121,121,141,636,1241208,1,1,0,mand,9070,28.0,32,3.057198599147996,0.0
122,122,142,638,1241184,1,1,0,mand,7361,40.0,1969,3.2485407107794715,1.0
123,123,144,640,1241186,1,1,0,kvinde,7370,38.0,1158,5.0411750113590985,1.0
124,124,145,641,1241207,1,1,0,kvinde,9075,32.0,367,17.33807127432161,1.0
125,125,146,642,1754745,1,1,0,kvinde,9002,22.0,699,2.417383066354404,1.0
126,126,147,643,1241205,1,1,0,mand,7360,42.0,94,0.8798719678563491,1.0
127,127,148,644,1754731,1,1,1,mand,9070,25.0,1048,3.3717173957986266,1.0
128,128,149,645,1241181,1,1,0,mand,9206,27.0,2678,3.12767776213294,1.0
131,131,153,649,1057042,1,1,0,kvinde,7371,24.0,178,0.9487831521758492,1.0
132,132,156,652,1241234,1,0,0,kvinde,9070,24.0,117,2.728328739597084,1.0
133,133,157,653,1241189-used44,1,1,0,mand,7361,30.0,329,2.575247659473813,1.0
134,134,158,654,1241188,1,1,0,mand,5344,60.0,266,2.104560752667418,1.0
135,135,159,655,1241183,1,1,0,kvinde,8215,36.0,143,1.038701775596575,1.0
136,136,160,656,2026008,1,1,0,mand,9070,44.0,-13,3.268717758417324,0.0
137,137,162,658,972432,1,1,0,mand,7360,26.0,47,3.1167017447672656,0.0
139,139,164,660,1241254,1,1,0,mand,3470,39.0,290,1.1852546604845464,1.0
140,140,165,661,1241187,1,1,0,mand,9206,29.0,92,4.060822445890784,1.0
141,141,168,664,1754790,1,1,0,mand,7370,25.0,218,1.05920026043348,1.0
142,142,169,665,1241251,1,1,0,mand,3448,30.0,1259,1.9742380069789158,1.0
143,143,171,667,1755053,1,1,0,kvinde,5479,16.0,573,3.268717758417324,1.0
144,144,172,668,1241209,1,1,0,mand,8113,41.0,164,2.7484687679148228,1.0
146,146,174,670,1241236,1,1,0,mand,9070,36.0,618,2.1094437761608185,1.0
147,147,175,672,782681,1,1,0,mand,9002,33.0,435,1.813740516744432,1.0
148,148,176,673,1241210,1,0,0,mand,9070,26.0,247,1.3235023415754592,1.0
149,149,177,674,1241272,1,1,0,mand,9001,37.0,488,1.3867061779785779,1.0
151,151,181,678,1241258,1,1,0,mand,9044,31.0,262,3.0586480847867663,1.0
152,152,182,679,1241279,1,0,0,mand,9044,36.0,354,3.0586480847867663,1.0
153,153,184,682,1241273,1,0,0,mand,9206,48.0,629,9.089135220385204,1.0
154,154,185,683,1241217,1,0,0,mand,9001,21.0,325,0.9782966486422402,1.0
155,155,186,684,1057409,1,1,0,mand,7361,36.0,639,1.6394251127252593,1.0
156,156,187,685,972431,1,1,0,mand,9070,31.0,1286,13.90082315106895,1.0
157,157,188,686,1241266,1,0,0,mand,9070,28.0,63,2.6544117706277697,0.0
158,158,189,687,783204,1,0,0,mand,9206,29.0,1158,4.4819584662769385,1.0
159,159,190,688,1241276,1,0,1,mand,9001,27.0,2684,2.1775077435970056,1.0
160,160,191,689,1241223,1,0,0,mand,9001,28.0,1093,2.8870020457639427,1.0
161,161,192,690,1241224,1,1,0,mand,7366,24.0,575,1.5083132125005343,1.0
162,162,193,691,1241216,1,1,0,kvinde,5479,48.0,1643,14.253399882873024,1.0
163,163,195,693,806288,1,0,0,mand,9070,39.0,139,0.8576001345790354,1.0
164,164,196,694,972450,1,1,0,mand,9001,26.0,198,4.365863808133595,1.0
166,166,199,697,1241226,1,0,0,mand,8113,25.0,47,4.7881600496326815,0.0
167,167,201,699,1241252,1,0,0,mand,5344,39.0,106,1.5658878005885872,1.0
168,168,202,700,972446,1,1,0,mand,7370,27.0,223,7.405940430767447,1.0
169,169,204,702,1241211,1,1,0,mand,2620,33.0,344,2.8598072952395825,1.0
170,170,206,704,1241260,1,1,0,mand,7370,41.0,1038,14.349498760806355,1.0
171,171,207,705,1241259,1,0,0,mand,7370,40.0,2349,11.126855645774233,1.0
172,172,209,707,782693,1,1,0,mand,7360,44.0,1977,0.5710420854332767,1.0
173,173,211,709,1241275,1,0,0,mand,9106,27.0,85,5.506103235617397,0.0
174,174,212,710,972464,1,1,0,mand,9033,35.0,175,2.679236020141039,1.0
175,175,213,711,1241222,1,1,0,kvinde,7401,31.0,328,0.8114689242231715,1.0
176,176,214,712,1241261,1,1,0,kvinde,4940,26.0,206,0.3927025517929079,1.0
177,177,215,713,1241225,1,0,0,mand,9001,26.0,535,3.196925722791012,1.0
178,178,216,714,1241229,1,1,0,kvinde,9070,24.0,229,9.612832465152282,1.0
179,179,217,715,1241341,1,0,0,kvinde,9206,29.0,1086,1.0925181928966674,1.0
180,180,218,716,1241263,1,0,0,mand,8113,34.0,66,5.9212575401321885,0.0
181,181,219,717,1241277,1,0,0,mand,7363,34.0,66,2.709243879571692,0.0
182,182,220,718,1241228,1,1,0,mand,9001,48.0,611,1.7511472224158982,1.0
183,183,222,720,1241349,1,0,0,mand,7370,27.0,604,3.666385785858666,1.0
184,184,223,721,972476,1,1,0,mand,9206,47.0,2247,2.0133859701872603,1.0
185,185,224,722,1241309,1,0,0,kvinde,9001,18.0,2425,1.2600637677967954,1.0
186,186,225,723,1241257,1,1,0,mand,7428,47.0,201,17.057246013434042,1.0
187,187,226,724,1241348,1,0,0,mand,7370,28.0,134,2.9171911336651526,1.0
188,188,227,725,1241303,1,0,0,mand,7370,36.0,107,1.7336455253442633,1.0
189,189,228,726,1057378,1,1,0,mand,9070,37.0,128,3.1179629240050586,1.0
190,190,229,727,1241346,1,0,0,kvinde,7370,41.0,608,5.044356572176785,1.0
191,191,230,728,1241347,1,0,0,mand,7370,43.0,792,5.044356572176785,1.0
193,193,232,730,1241344,1,1,0,mand,9002,34.0,121,2.7165835965501164,1.0
194,194,234,732,1241342,1,1,0,mand,2620,44.0,2280,9.994768662440805,1.0
195,195,235,734,1241300,1,0,0,mand,9070,30.0,175,0.7873358520977054,1.0
196,196,236,735,1241304,1,0,1,mand,9206,68.0,2584,0.6815962664271173,1.0
197,197,237,736,1241305,1,0,0,kvinde,7370,37.0,477,14.349498760806355,1.0
198,198,238,737,1241302,1,1,0,kvinde,7366,52.0,130,0.8576001345790354,1.0
200,200,240,739,1057366,1,1,0,mand,8091,47.0,598,28.72935578510407,1.0
201,201,243,742,1241370,1,1,0,kvinde,9067,44.0,259,0.8079383823382404,1.0
202,202,244,743,972475,1,1,0,mand,9001,26.0,162,2.2685035931727198,1.0
203,203,245,744,1241360,1,1,0,kvinde,7370,61.0,192,1.50132528081808,1.0
205,205,247,746,1241377,1,1,0,kvinde,9001,18.0,169,1.2600637677967954,1.0
206,206,248,747,783171,1,1,1,mand,9070,37.0,2561,2.343936464430171,1.0
208,208,250,749,783160,1,0,0,mand,9070,33.0,2335,2.2918625108909043,1.0
209,209,251,750,1241371,1,1,0,mand,7371,28.0,293,2.533613154248612,1.0
210,210,253,752,1241353,1,0,0,kvinde,9206,34.0,1085,0.7379545541176293,1.0
211,211,254,753,2026010,1,1,0,mand,7361,40.0,2106,13.613601567822034,1.0
212,212,255,754,783174,1,1,0,mand,7402,38.0,591,3.115472486808021,1.0
213,213,256,755,1241369,1,1,0,kvinde,7681,33.0,932,0.7417556924373542,1.0
214,214,257,756,1241376,1,0,0,kvinde,7370,55.0,376,0.8005114931693402,1.0
215,215,258,757,1241367,1,1,0,mand,9002,30.0,638,0.9871690429064572,1.0
216,216,259,758,1241375,1,0,0,mand,9001,41.0,717,0.7754929170232663,1.0
217,217,261,760,1241345,1,1,0,mand,5344,25.0,173,0.6273734323290295,1.0
218,218,262,761,1241362,1,1,0,kvinde,7541,24.0,112,2.2972122885779718,1.0
219,219,264,763,1241374,1,1,0,mand,9206,49.0,105,6.4955605343857465,1.0
220,220,265,764,1241351,1,0,0,mand,9044,23.0,317,1.1195172534086022,1.0
221,221,266,765,1241366,1,1,0,kvinde,9044,47.0,312,1.1195172534086022,1.0
222,222,267,766,1241354,1,1,0,mand,9044,20.0,312,1.1195172534086022,1.0
223,223,268,767,1419209,1,1,0,mand,9406,26.0,819,3.8798523644155294,1.0
225,225,270,769,1419213,1,1,0,mand,9070,26.0,273,13.294252010832029,1.0
226,226,271,770,1419167,1,1,0,mand,9206,27.0,84,4.276134571801098,0.0
227,227,272,771,1241379,1,1,0,mand,2620,35.0,237,3.8697345294654197,1.0
228,228,273,772,783143,1,0,1,mand,7370,43.0,2490,2.2918625108909043,1.0
229,229,274,773,1419168,1,0,0,mand,9206,51.0,1052,1.34489490870478,1.0
230,230,275,774,1419169,1,1,0,mand,9070,48.0,558,3.1629230254329737,1.0
231,231,276,775,1419211,1,1,0,kvinde,9070,41.0,281,9.896511418628958,1.0
232,232,277,776,806329,1,1,0,mand,7360,36.0,1042,1.8141727211780032,1.0
233,233,278,777,783181,1,1,1,mand,9001,36.0,2470,2.9841280573145372,1.0
234,234,279,778,1419214,1,0,0,mand,9075,25.0,184,11.621670864774648,1.0
235,235,281,780,1419175,1,1,0,mand,7370,38.0,48,5.329195857982731,0.0
236,236,282,781,1419207,1,0,0,mand,9033,27.0,42,1.2464941191603496,0.0
237,237,286,785,1419174,1,0,0,kvinde,9067,27.0,375,1.5813925838126668,1.0
238,238,288,787,1241352,1,1,0,mand,6771,34.0,370,1.6600263863635023,1.0
239,239,289,788,1419215,1,1,0,mand,7370,55.0,219,2.1698721594412778,1.0
240,240,290,789,1419172,1,1,0,mand,9001,35.0,218,1.6733527569491298,1.0
241,241,293,792,1241359,1,1,0,kvinde,9070,18.0,64,2.287069559185744,0.0
244,244,296,795,1419187,1,1,0,mand,9046,23.0,947,2.502827749438751,1.0
245,245,297,796,1419188,1,1,0,mand,9388,29.0,26,1.8636441772718249,0.0
246,246,298,797,1419189,1,1,0,mand,2256,33.0,789,3.639267517737788,1.0
247,247,300,799,1419191,1,0,0,mand,9070,33.0,149,3.0262379197422216,1.0
248,248,301,800,1419192,1,0,0,kvinde,9067,29.0,240,1.5943336811298718,1.0
249,249,302,801,1419193,1,1,0,kvinde,9070,34.0,201,10.616754693582504,1.0
250,250,303,802,1419194,1,1,0,mand,7370,36.0,236,3.2771143036759884,1.0
251,251,304,803,1419195,1,1,0,mand,9070,29.0,235,3.817254828278538,1.0
252,252,305,804,1419196,1,0,0,mand,9070,46.0,82,4.150463661993996,0.0
253,253,306,805,1419205,1,1,0,mand,4770,29.0,143,2.7206947253027534,1.0
254,254,308,807,1419177,1,0,0,mand,9067,33.0,264,1.5943336811298718,1.0
255,255,309,808,1057400,1,1,0,mand,9070,45.0,316,13.780619072905465,1.0
256,256,310,809,1419178,1,1,0,mand,9206,22.0,980,1.34489490870478,1.0
257,257,312,811,782680,1,1,0,mand,9046,28.0,304,6.142173089043991,1.0
258,258,314,813,1419199,1,1,0,mand,9212,31.0,57,2.1244200563819646,0.0
259,259,316,815,1419185,1,0,0,mand,9070,28.0,212,2.836168715046293,1.0
260,260,317,816,1419197,1,1,0,mand,9001,31.0,146,8.017167274605772,1.0
261,261,318,817,1419184,1,1,0,mand,9046,55.0,146,3.4579524070951555,1.0
262,262,319,818,1419201,1,1,1,mand,7360,30.0,2402,3.0262379197422216,1.0
263,263,320,819,1419202,1,1,0,mand,9070,37.0,238,3.8697345294654197,1.0
264,264,321,820,1241365,1,1,1,mand,7445,27.0,2401,19.137078756696827,1.0
265,265,322,821,1450420,1,0,0,kvinde,7371,26.0,137,1.0925181928966674,1.0
266,266,323,822,1450478,1,0,0,kvinde,9070,26.0,229,14.87661572748849,1.0
267,267,325,824,1754796,1,1,0,mand,9001,21.0,116,3.6598304709012472,1.0
268,268,327,826,1450477,1,0,0,mand,7371,32.0,45,2.709243879571692,0.0
269,269,328,827,1450436,1,0,0,kvinde,5380,34.0,76,3.4072321849113743,0.0
270,270,329,828,1450471,1,0,0,mand,9070,26.0,198,4.574102292871328,1.0
271,271,330,829,1450483,1,0,0,mand,9002,26.0,288,3.59314661626872,1.0
273,273,332,831,1450484,1,0,0,mand,9001,55.0,714,4.42539762470235,1.0
274,274,333,832,1450416,1,0,0,mand,9001,29.0,714,4.42539762470235,1.0
275,275,334,833,1450474,1,0,0,mand,2620,54.0,76,1.9742380069789158,0.0
276,276,335,834,1450486,1,0,0,kvinde,2620,51.0,198,9.994768662440805,1.0
277,277,336,835,1450488,1,0,0,mand,3463,44.0,198,2.239647661514638,1.0
278,278,337,836,1450423,1,0,0,mand,2620,54.0,319,16.72540144832456,1.0
279,279,338,837,1450472-1,1,1,0,kvinde,2620,46.0,137,4.780535817682456,1.0
280,280,339,838,1450476-trewryew,1,1,0,kvinde,7367,48.0,137,4.4126276411317,1.0
281,281,340,839,1450421,1,0,1,mand,9024,27.0,2393,13.828986351236894,1.0
282,282,341,840,1450438,1,0,0,kvinde,7445,28.0,168,19.137078756696827,1.0
283,283,342,841,806305,1,1,0,mand,7360,38.0,349,2.3952580710755997,1.0
284,284,343,842,1450412,1,0,0,kvinde,9163,23.0,15,3.0923633173577616,0.0
285,285,344,843,1504653,1,1,0,kvinde,7361,25.0,594,1.9413512312745689,1.0
286,286,345,844,1450479,1,0,0,kvinde,2620,33.0,45,0.7468409144265855,0.0
287,287,346,845,806293-vindue,1,1,0,mand,9002,27.0,1264,3.115472486808021,1.0
288,288,349,848,1450481,1,0,0,mand,9001,44.0,288,1.4407482561015597,1.0
289,289,350,849,1450765,1,0,0,mand,9002,26.0,199,0.7935008459657799,1.0
290,290,351,850,1450422,1,0,0,kvinde,9001,57.0,161,1.8728064234740425,1.0
291,291,352,851,1450415,1,0,0,mand,5344,40.0,891,1.1471532171539018,1.0
292,292,353,852,1450433,1,1,0,kvinde,9070,53.0,125,0.8705093500576077,1.0
293,293,354,853,1419186,1,0,0,kvinde,2620,66.0,64,0.8576001345790354,0.0
294,294,355,854,783197,1,1,0,mand,2620,28.0,310,1.9318857166804333,1.0
295,295,356,855,1450417,1,0,0,kvinde,169,56.0,549,8.674412452757796,1.0
296,296,357,856,1450419,1,0,0,mand,5344,41.0,57,0.8435779163614608,0.0
297,297,358,857,1450480,1,0,0,mand,9070,22.0,55,13.294252010832029,0.0
298,298,359,858,1961183,1,0,0,mand,7362,39.0,1759,3.1031206586195093,1.0
299,299,362,861,1450428,1,0,0,mand,7360,27.0,260,3.3952307101038284,1.0
300,300,363,862,1755043,1,0,0,mand,9012,24.0,20,4.899714750918166,0.0
301,301,366,865,1450413,1,1,0,mand,7370,53.0,919,0.2323726689954149,1.0
302,302,367,866,1450411,1,0,0,kvinde,9206,39.0,642,0.24440701514878724,1.0
303,303,369,868,1450424,1,0,0,kvinde,7428,49.0,660,1.6695966549747088,1.0
304,304,370,869,1450426,1,1,0,mand,1111,24.0,58,5.488659872605139,0.0
305,305,371,870,1450439,1,1,0,mand,11111,21.0,61,5.488659872605139,0.0
306,306,372,871,1450425,1,1,0,mand,2620,52.0,241,1.9097201808226745,1.0
307,307,373,872,1419181,1,1,0,mand,7370,28.0,60,43.14275000179841,0.0
308,308,375,874,1419203,1,0,0,mand,2620,46.0,361,0.8576001345790354,1.0
309,309,376,875,1450429,1,0,1,mand,9206,45.0,2344,0.665943951581009,1.0
310,310,377,876,1419204,1,0,0,mand,7361,43.0,72,4.983497819955701,0.0
311,311,378,877,1419182,1,1,0,kvinde,9070,31.0,170,3.5673800617437084,1.0
312,312,380,879,1241189rerer,1,1,0,mand,7360,27.0,564,3.851910420698477,1.0
313,313,381,880,783196,1,1,0,kvinde,7361,50.0,134,0.779662165779873,1.0
314,314,382,881,972477,1,1,0,kvinde,7361,50.0,91,0.779662165779873,1.0
315,315,383,882,972521,1,1,0,mand,9070,31.0,288,9.42025082030701,1.0
316,316,384,883,1057054,1,1,0,mand,7420,24.0,34,2.5991196178951927,0.0
317,317,385,884,1450781,1,1,0,mand,9067,31.0,62,3.639267517737788,0.0
318,318,386,885,1450747,1,1,0,mand,7681,32.0,630,0.7417556924373542,1.0
319,319,387,886,1450783,1,0,0,mand,9070,44.0,1156,12.190786926207304,1.0
320,320,388,887,1450785,1,1,0,kvinde,9001,26.0,237,6.828079795591448,1.0
321,321,389,888,1450760,1,1,0,kvinde,9044,29.0,267,0.8619184570687909,1.0
322,322,390,889,1450780,1,1,0,kvinde,9044,29.0,267,0.8619184570687909,1.0
323,323,392,891,1450774,1,0,0,mand,9206,24.0,46,4.213162051572811,0.0
324,324,395,894,1450751,1,1,0,kvinde,9070,48.0,314,8.657949325628616,1.0
325,325,396,895,1450771,1,1,0,mand,9070,44.0,749,8.657949325628616,1.0
326,326,397,896,1450744,1,1,0,mand,9076,28.0,1070,5.557381514462861,1.0
327,327,398,900,1450752,1,0,0,mand,9001,25.0,1467,5.170207707392136,1.0
328,328,399,901,2025931,1,1,0,mand,7541,41.0,86,3.3832309527067035,0.0
329,329,400,902,1241230,1,1,0,kvinde,7541,37.0,1582,14.045545001743946,1.0
330,330,401,903,1450476,1,1,0,kvinde,7371,25.0,58,3.031074175822104,0.0
331,331,402,904,1450754,1,1,0,kvinde,9070,27.0,940,13.578563226827312,1.0
332,332,403,905,1450741xx,1,1,0,mand,7446,26.0,543,15.413593667099422,1.0
333,333,404,906,1450767,1,1,0,mand,7366,28.0,178,3.453254590660022,1.0
334,334,405,907,1450779,1,1,0,mand,2620,34.0,88,3.4086403358674144,0.0
335,335,406,908,1450761,1,1,0,mand,9001,34.0,300,8.660458254664405,1.0
336,336,407,909,1450759,1,1,0,mand,2620,25.0,119,2.299295524061453,1.0
337,337,411,913,1450786,1,1,0,mand,9001,34.0,172,0.5432682935474289,1.0
338,338,414,916,1450756,1,1,0,mand,9070,39.0,170,0.9164545066194046,1.0
339,339,415,917,1450775345t3,1,1,0,kvinde,9070,24.0,80,3.1340665966128665,0.0
340,340,417,919,1450770,1,0,0,kvinde,9046,26.0,136,3.639267517737788,1.0
341,341,419,921,1450750,1,1,0,mand,8113,45.0,285,1.948929297903325,1.0
342,342,421,923,1450745,1,1,0,mand,9366,34.0,407,2.4767230876531747,1.0
343,343,422,924,1450788,1,1,0,mand,9206,26.0,982,2.6821765707433185,1.0
344,344,423,925,1450789,1,1,0,mand,7360,34.0,249,3.8467445550596144,1.0
345,345,424,926,1450773,1,1,0,mand,7369,34.0,249,1.3948381913535255,1.0
346,346,426,929,1450472,1,0,0,mand,7360,28.0,60,10.080623436073699,0.0
347,347,427,930,806311,1,1,0,mand,9070,24.0,109,0.6550494001455083,1.0
348,348,428,931,1241239,1,1,0,mand,9070,22.0,91,8.048584387166906,1.0
349,349,429,932,1057057,1,1,0,mand,9002,25.0,161,1.8589085982287048,1.0
350,350,430,934,1450740,1,0,0,kvinde,4571,51.0,89,3.6067941192535855,0.0
351,351,431,935,1450753,1,0,0,mand,3448,38.0,89,7.88325261216946,0.0
352,352,432,936,1450764,1,1,0,mand,9067,24.0,1119,16.27695185228646,1.0
353,353,433,937,1450758,1,1,0,mand,9044,25.0,418,2.9742212639980443,1.0
354,354,434,938,1504537,1,0,0,mand,9070,29.0,537,14.727815268779494,1.0
355,355,435,939,1504548,1,1,0,mand,2620,29.0,716,3.5036166391656063,1.0
356,356,436,940,1504556,1,0,0,mand,9070,31.0,135,2.9785649104580707,1.0
357,357,437,941,1504541,1,0,0,mand,9206,25.0,774,5.378389932477822,1.0
358,358,438,942,1504531,1,0,0,mand,9001,26.0,440,2.9814443166146933,1.0
359,359,439,943,1504544,1,1,0,mand,7360,24.0,129,1.0792056653013504,1.0
360,360,441,945,2209178,1,0,0,mand,9070,27.0,464,14.826398358344171,1.0
361,361,442,946,1504547,1,0,1,mand,9070,24.0,2232,14.826398358344171,1.0
362,362,444,948,1504549,1,0,0,mand,7370,35.0,207,2.8607551683491166,1.0
363,363,445,949,1504558,1,0,0,mand,9075,24.0,87,8.470184399561031,0.0
364,364,446,950,1504546,1,0,0,kvinde,3448,24.0,87,13.710135609028713,0.0
365,365,447,951,1504538,1,0,0,mand,9075,25.0,87,3.800193451675047,0.0
366,366,448,952,1504533,1,0,0,mand,9245,46.0,85,3.078093694002175,0.0
367,367,449,953,1504536,1,1,0,mand,9001,26.0,82,4.474958304991162,0.0
368,368,450,954,1504607,1,1,0,kvinde,9206,47.0,380,9.089135220385204,1.0
369,369,451,955,1504564,1,1,0,kvinde,9308,53.0,92,4.579828305962192,1.0
370,370,452,956,1504570,1,1,0,kvinde,9308,22.0,123,4.579828305962192,1.0
371,371,453,957,1504600,1,1,0,mand,9075,25.0,123,11.65589387263506,1.0
372,372,454,958,1504575,1,1,0,mand,9075,26.0,153,12.147650954868743,1.0
373,373,455,959,1504589uyfjuytfy,1,1,0,mand,9001,26.0,33,0.908619239006578,0.0
374,374,456,960,1504577,1,0,0,mand,7361,36.0,123,2.5081819577749083,1.0
375,375,457,961,1504574,1,1,0,mand,7371,53.0,214,2.6484462266824518,1.0
376,376,458,962,1504588,1,1,0,mand,9001,26.0,240,4.365863808133595,1.0
377,378,460,964,1504583,1,1,0,mand,7455,31.0,1793,0.7950616046590882,1.0
378,379,461,965,1504535,1,1,0,mand,7360,34.0,272,8.115982078728116,1.0
379,380,462,966,1504528,1,1,0,mand,7370,66.0,80,8.648619775470067,0.0
380,381,464,968,1504523,1,0,0,kvinde,9001,18.0,688,1.1074775930709595,1.0
381,382,465,969,1504530,1,1,0,mand,9070,27.0,217,17.66496225934517,1.0
382,383,466,970,1504609,1,1,0,mand,3205,30.0,175,15.725982526905108,1.0
383,384,467,971,1504590,1,1,0,kvinde,9070,31.0,266,3.029174927512837,1.0
384,385,468,972,1504563,1,0,0,kvinde,9001,52.0,266,3.029174927512837,1.0
385,386,469,973,1504578,1,1,0,mand,7370,29.0,570,6.463271708391408,1.0
387,388,472,976,1504554,1,1,0,kvinde,7360,27.0,133,2.441992210420983,1.0
388,389,473,977,1504566,1,1,0,kvinde,7360,61.0,132,2.251731808685677,1.0
389,390,474,978,1504610,1,0,0,mand,7371,31.0,308,2.154676846160004,1.0
390,391,475,979,1504576,1,1,0,mand,9070,48.0,124,11.094989769088864,1.0
391,392,476,980,1504565,1,0,0,kvinde,9070,23.0,195,5.537447728993354,1.0
392,393,477,981,1504586,1,0,0,kvinde,7453,32.0,267,0.8190090331668555,1.0
393,394,478,982,1504522,1,0,0,mand,9076,27.0,596,17.615613385832592,1.0
394,395,479,983,1504594,1,0,0,mand,9070,39.0,201,10.616754693582504,1.0
395,396,481,985,1504562,1,1,0,kvinde,7362,25.0,292,8.62911030395179,1.0
396,397,482,986,1504580,1,1,1,mand,9070,28.0,2120,14.187322824180324,1.0
397,398,483,987,1504585,1,1,1,kvinde,7405,27.0,909,0.7342977729907361,1.0
398,399,484,988,1504582,1,0,0,mand,9206,32.0,-29,10.49057362928948,0.0
399,400,485,989,1755070,1,0,0,mand,9001,19.0,795,2.1867687079734566,1.0
400,401,486,990,1504584,1,1,0,mand,9070,34.0,54,6.3529437626997565,0.0
401,402,487,991,2025936,1,1,0,kvinde,7370,38.0,153,3.203598568915313,1.0
402,403,488,992,1504604,1,1,0,mand,9070,20.0,403,1.0370776704289326,1.0
403,404,489,993,1504527,1,0,0,mand,9046,25.0,512,10.604277781820123,1.0
404,405,490,994,1504601,1,1,0,mand,7405,25.0,561,0.8576001345790354,1.0
405,406,491,995,1504524,1,1,0,mand,7360,26.0,43,2.709243879571692,0.0
406,407,492,996,1504569,1,1,0,kvinde,7360,31.0,128,1.4072076179401531,1.0
407,408,493,997,1504700,1,1,0,mand,9206,23.0,92,0.8761476228958991,1.0
408,409,494,998,1504587,1,1,0,mand,81134599103,24.0,213,4.764727703477915,1.0
409,410,495,999,1504572,1,0,0,kvinde,2620,25.0,213,9.045241635835822,1.0
410,411,496,1000,1504597,1,0,0,kvinde,0,21.0,51,17.549397973871823,0.0
411,412,497,1001,1504579,1,0,0,mand,7360,26.0,432,1.4280413463507773,1.0
412,413,498,1002,2025998,1,1,0,mand,9001,32.0,508,1.9844149694845041,1.0
413,414,499,1003,1504694,1,1,0,kvinde,7360,27.0,127,0.2560628642095463,1.0
414,415,500,1004,1504698,1,0,0,mand,9070,28.0,275,2.5944407982799214,1.0
415,416,501,1005,1504559,1,1,0,mand,9206,24.0,117,10.228682087833352,1.0
416,417,502,1006,1504551,1,1,0,mand,9206,24.0,117,6.902988831689742,1.0
417,418,503,1007,1504695,1,0,0,mand,9046,25.0,510,1.2713738609445426,1.0
418,419,504,1008,1504539,1,0,0,mand,7360,22.0,444,1.7711600654715696,1.0
419,420,505,1009,1504567,1,0,0,mand,7360,24.0,79,1.7711600654715696,0.0
420,421,506,1010,1754795,1,1,0,mand,6060,19.0,270,2.3759014744755107,1.0
421,422,507,1011,1504693xxx,1,0,0,mand,9076,21.0,150,17.773025178988302,1.0
422,423,509,1013,1504608,1,0,0,mand,9237,30.0,639,2.5104077332192007,1.0
423,424,512,1016,1504605,1,1,0,mand,9001,25.0,108,3.2599447785140248,1.0
424,425,514,1018,1504593,1,0,0,kvinde,7457,29.0,167,2.8682558140721675,1.0
425,426,516,1020,783187,1,0,0,mand,7445,37.0,563,13.44631949089993,1.0
426,427,517,1021,1504699,1,1,0,mand,9001,29.0,496,3.115472486808021,1.0
427,428,519,1023,1504598,1,0,0,mand,5939,28.0,214,3.1134538038298194,1.0
428,429,520,1024,1504595,1,0,0,mand,7370,32.0,155,1.6374385675842509,1.0
429,430,521,1025,1504599,1,0,0,mand,2620,23.0,184,1.6259050673796651,1.0
430,431,522,1026,972452,1,1,1,mand,7370,33.0,1952,0.9728660754180528,1.0
431,432,523,1027,1504692,1,0,0,mand,2620,30.0,238,2.932083246492219,1.0
432,433,524,1028,1504526,1,0,0,kvinde,7370,26.0,207,3.1134538038298194,1.0
433,434,526,1030,1504620,1,0,0,mand,9070,67.0,78,14.727815268779494,0.0
434,435,528,1032,1504612,1,0,0,kvinde,9001,18.0,370,2.8283758673891595,1.0
435,436,529,1033,1504629,1,0,1,kvinde,7405,34.0,1924,11.23100631223788,1.0
436,437,530,1034,1504630,1,0,1,mand,9054,27.0,1924,2.1244200563819646,1.0
437,438,531,1035,1504655,1,0,0,mand,7360,24.0,103,8.691947178083561,1.0
438,439,532,1036,1504616,1,0,0,mand,7364,23.0,393,14.182712298518455,1.0
439,440,534,1038,1504623,1,0,0,kvinde,9001,19.0,1334,1.5667857387562305,1.0
440,441,535,1039,1504672,1,0,0,mand,7541,23.0,225,8.119045984465847,1.0
441,442,537,1041,1504660,1,1,1,mand,9206,30.0,1911,3.9788001293477433,1.0
442,443,538,1042,1504680,1,0,0,mand,2620,26.0,263,5.209347026245691,1.0
443,444,540,1044,1504663,1,1,0,mand,9206,24.0,136,1.0449736144943504,1.0
444,445,541,1045,1504614,1,0,0,mand,9054,27.0,583,1.5085583916053646,1.0
445,446,542,1046,1504677,1,1,0,mand,7360,52.0,275,3.554099480465129,1.0
446,447,543,1047,1504669,1,1,0,mand,9070,34.0,335,1.5187722491419993,1.0
447,448,547,1051,1504665,1,1,0,mand,9015,29.0,71,1.9742380069789158,0.0
448,449,548,1052,1504626,1,1,0,mand,7360,18.0,557,3.3446277348964264,1.0
449,450,549,1053,1504627,1,1,0,mand,7452,18.0,252,4.886115492777806,1.0
450,451,551,1055,1504652,1,1,0,kvinde,4662,22.0,123,9.892568818861019,1.0
451,452,552,1056,1504621,1,0,0,kvinde,9001,19.0,274,3.280229532021058,1.0
452,453,555,1059,1504671,1,0,0,mand,7432,37.0,852,0.9600704603122732,1.0
453,454,556,1060,1504678,1,1,0,mand,9070,19.0,230,4.102272820392245,1.0
454,455,557,1061,1504679,1,1,0,mand,9347,22.0,116,2.9018184212083424,1.0
455,456,558,1062,1504615,1,0,0,mand,9070,28.0,541,14.392850354556042,1.0
456,457,559,1063,1504625,1,1,0,mand,7362,34.0,109,1.862644965253185,1.0
457,458,560,1064,1504618,1,0,0,mand,9001,52.0,107,2.2385399779038604,1.0
458,459,562,1066,1504658,1,1,1,mand,9206,57.0,1833,2.6595613038728625,1.0
459,460,563,1067,1504591,1,1,0,mand,7360,19.0,122,2.5965327413344808,1.0
460,461,564,1068,1504611,1,1,0,mand,9044,20.0,11,8.302627832651478,0.0
461,462,565,1069,1504670,1,0,0,mand,9070,25.0,544,1.0925181928966674,1.0
462,463,566,1070,1504617,1,1,0,mand,9002,56.0,112,2.553408709509632,1.0
463,464,568,1072,1504659,1,1,0,kvinde,7540,19.0,106,2.9912442207720358,1.0
464,465,569,1073,1504676,1,1,0,mand,9001,32.0,822,2.463381195079933,1.0
465,466,570,1074,15000000000000,1,1,0,mand,2620,34.0,419,3.747625802342809,1.0
466,467,572,1076,2025981,1,1,0,mand,9206,30.0,1606,3.436416560679356,1.0
467,468,573,1077,1450775,1,0,0,mand,9070,39.0,996,13.157310866933155,1.0
468,469,574,1078,1504589,1,0,0,mand,9070,39.0,996,5.756351818439332,1.0
469,470,575,1079,1057370,1,0,0,mand,9070,45.0,754,11.665139396897109,1.0
470,471,576,1080,783191,1,0,0,mand,9067,44.0,662,2.925851269738497,1.0
471,472,577,1081,1450475,1,1,0,mand,9001,19.0,111,2.586605134155155,1.0
472,473,578,1082,1961228,1,1,0,mand,7405,56.0,794,8.13473773419727,1.0
473,474,579,1083,1755075,1,0,0,mand,9308,34.0,502,1.2196360578778294,1.0
474,475,580,1084,1755055,1,0,0,mand,9070,41.0,532,2.2056341434013804,1.0
475,476,581,1085,1755056,1,1,0,kvinde,9206,20.0,1289,2.215160057472626,1.0
476,477,582,1086,1755054,1,1,1,kvinde,9206,43.0,1780,2.215160057472626,1.0
477,478,583,1087,1755052,1,1,1,mand,9070,54.0,1779,12.396151074261274,1.0
478,479,584,1088,1755079,1,1,0,mand,9001,26.0,284,38.42780164200375,1.0
480,481,586,1090,1755068,1,1,0,mand,3448,24.0,154,15.413789008925116,1.0
481,482,587,1091,1755050,1,0,1,mand,9206,30.0,1770,2.9714895996189084,1.0
483,484,589,1093,1755069,1,1,0,kvinde,9070,23.0,970,8.55386263269629,1.0
484,485,590,1094,1755047,1,1,0,mand,0,34.0,55,0.5409261078910728,0.0
485,486,591,1095,1755077,1,1,0,mand,9046,23.0,605,1.2713738609445426,1.0
486,487,592,1096,17550441111,1,0,0,mand,7363,22.0,176,19.5950964303999,1.0
487,488,593,1097,1754775,1,1,0,mand,9001,27.0,834,1.0925181928966674,1.0
488,489,595,1099,1755076,1,1,0,kvinde,9001,26.0,169,6.828079795591448,1.0
489,490,596,1100,1755078,1,1,0,kvinde,7370,27.0,413,2.8785177407169487,1.0
490,491,597,1101,1755032,1,1,0,kvinde,8461,29.0,164,6.463271708391408,1.0
491,492,598,1102,783183,1,1,0,mand,9001,48.0,123,2.7259167624576786,1.0
492,493,599,1103,1755037,1,1,0,mand,7366,18.0,164,1.011460427886259,1.0
493,494,601,1105,1755046,1,1,0,mand,7360,29.0,58,3.115472486808021,0.0
494,495,602,1106,1755049,1,1,0,mand,5344,26.0,211,1.923122969950184,1.0
495,496,603,1107,1755067,1,1,0,mand,2620,33.0,935,2.4767230876531747,1.0
496,497,604,1108,1755040,1,1,0,mand,9075,23.0,265,2.5744435421918883,1.0
498,500,607,1111,1755066,1,1,0,mand,9452,44.0,1237,1.7641196798605905,1.0
499,501,608,1112,1755061,1,1,0,kvinde,7432,30.0,712,0.9600704603122732,1.0
500,502,609,1113,17550581111,1,1,0,mand,7406,45.0,512,17.859916783006238,1.0
501,503,610,1114,1755062,1,1,0,mand,9001,21.0,204,1.001176580572126,1.0
502,504,611,1115,1755033,1,0,0,kvinde,0,19.0,49,3.1798484092708668,0.0
503,505,613,1117,1755035,1,1,0,mand,9070,27.0,36,0.9421904318379906,0.0
504,506,614,1118,1755045,1,1,0,kvinde,0,19.0,42,0.9421904318379906,0.0
505,507,615,1119,1755051,1,1,0,kvinde,9070,18.0,392,0.6608849355232737,1.0
506,508,616,1120,1755039,1,1,1,mand,9001,36.0,1637,2.578767461413661,1.0
507,509,617,1121,1755059,1,0,0,kvinde,0,18.0,8,3.1798484092708668,0.0
508,510,618,1122,1755074,1,1,0,kvinde,9001,48.0,496,3.1321805832951317,1.0
509,511,619,1123,1755072,1,1,0,kvinde,9001,25.0,496,3.1321805832951317,1.0
510,512,620,1124,11111,1,1,0,mand,7360,27.0,20,0.975926834564524,0.0
511,513,621,1125,1754740,1,1,0,mand,9001,44.0,473,3.1321805832951317,1.0
512,514,623,1127,1754762,1,1,0,kvinde,9001,26.0,46,2.853254170476312,0.0
514,516,626,1130,1754772,1,1,0,mand,2620,27.0,116,3.359305972021112,1.0
515,517,627,1131,1754791,1,1,0,mand,7370,24.0,174,4.028017952343872,1.0
516,518,628,1132,1754747,1,0,0,kvinde,9001,21.0,58,1.9042538166006002,0.0
517,519,629,1133,1754809,1,0,0,mand,0,31.0,92,1.6772572612399388,1.0
518,520,630,1134,1754783,1,1,0,mand,7360,27.0,200,0.975926834564524,1.0
519,521,631,1135,11111111,1,1,0,mand,7371,18.0,-14,3.5944836275080383,0.0
520,522,632,1136,175000000000,1,1,0,mand,9070,37.0,137,2.803753251545484,1.0
521,523,633,1137,1754807,1,1,1,mand,9070,41.0,1569,3.5700674042459943,1.0
522,524,634,1138,1754826,1,1,0,mand,9054,24.0,128,15.995018865493071,1.0
525,527,637,1141,1754743,1,1,0,kvinde,9075,30.0,280,0.8576001345790354,1.0
526,528,638,1142,1754753,1,1,0,mand,9070,35.0,1490,1.9536766919872568,1.0
527,529,639,1143,175000000000,1,1,0,mand,9070,48.0,534,4.8193789231300865,1.0
528,530,640,1144,1754778,1,1,0,kvinde,9070,45.0,534,4.8193789231300865,1.0
529,531,641,1145,1754827,1,1,0,mand,7365,25.0,412,16.039715842276554,1.0
530,532,642,1146,1754741,1,1,1,mand,9001,36.0,150,0.5835251287474205,1.0
531,533,643,1147,1754746,1,1,1,mand,9001,33.0,1534,0.5835251287474205,1.0
532,534,644,1148,1754751,1,0,0,mand,9067,34.0,69,1.8604127551189524,0.0
533,535,645,1149,1754817,1,1,0,mand,9001,23.0,84,8.464267330521869,0.0
534,536,647,1151,1754787,1,1,1,mand,9001,25.0,1503,4.995875348155548,1.0
535,537,648,1152,1754776,1,1,0,mand,7420,30.0,859,18.181791728291717,1.0
536,538,649,1153,1754789,1,1,0,kvinde,9067,31.0,186,15.22013104844244,1.0
537,539,650,1154,1754810,1,1,0,mand,7401,22.0,63,16.390208619903756,0.0
538,540,651,1155,1111145654,1,1,0,mand,6060,19.0,-1,2.3759014744755107,0.0
539,541,652,1156,1754768,1,1,0,mand,8215,22.0,302,1.8596851520228943,1.0
540,542,654,1158,1754830,1,1,0,mand,5344,27.0,483,1.8062707461776195,1.0
541,543,656,1160,1754767,1,1,0,mand,5501,27.0,264,1.1904560597186191,1.0
542,544,657,1161,1754770,1,1,0,mand,5071,19.0,356,2.626557646487816,1.0
543,545,658,1162,1754798,1,1,0,mand,9070,20.0,304,0.25005442290071395,1.0
544,546,659,1163,1754792,1,1,1,mand,9006,32.0,1485,10.031816570279117,1.0
545,547,660,1164,1754756,1,1,0,mand,9206,19.0,49,1.2405462181103664,0.0
546,548,661,1165,1754771,1,1,0,mand,9046,22.0,75,9.692946128351947,0.0
547,549,662,1166,782709,1,1,0,mand,9070,43.0,494,3.697584825725997,1.0
548,550,663,1167,1754754,1,0,1,mand,7360,43.0,1471,3.7177748567307414,1.0
549,551,664,1168,1754788,1,1,0,mand,9067,31.0,156,15.22013104844244,1.0
551,553,667,1171,1754757,1,1,0,kvinde,9070,26.0,570,18.181791728291717,1.0
552,554,668,1172,1754742,1,1,1,mand,7360,22.0,454,1.263003559432586,1.0
553,555,670,1174,1754734,1,1,0,kvinde,7360,29.0,44,2.614914194745704,0.0
554,556,671,1175,1754800,1,1,0,kvinde,9070,17.0,293,1.415553860352954,1.0
555,557,672,1176,1754736,1,1,0,mand,9070,29.0,411,14.727815268779494,1.0
556,558,673,1177,1754805,1,1,0,mand,5392,26.0,653,2.2848230922215915,1.0
557,559,674,1178,1754764,1,1,0,mand,7361,33.0,404,15.694291706294296,1.0
559,561,676,1180,1754779,1,1,0,kvinde,7370,20.0,1188,2.9248770660213195,1.0
560,562,677,1181,1754819,1,0,0,mand,9001,28.0,599,7.904781176492118,1.0
561,563,678,1182,1754824,1,0,0,mand,9001,23.0,1158,7.904781176492118,1.0
562,564,679,1183,1754803,1,0,0,mand,9001,31.0,519,5.423442571684903,1.0
563,565,680,1184,1754738,1,0,0,mand,400,17.0,101,1.2863007599804608,1.0
564,566,681,1185,1111,1,0,0,mand,9070,50.0,20,0.8535618143870953,0.0
565,567,682,1186,1754760,1,1,0,mand,8113,35.0,149,3.18619763954311,1.0
566,568,683,1187,1754739,1,1,0,kvinde,0,18.0,180,2.8723272529331325,1.0
567,569,684,1188,1754755,1,0,0,mand,9001,25.0,692,2.709243879571692,1.0
569,571,686,1190,1754774,1,1,0,mand,1111,26.0,44,43.58753154670613,0.0
570,572,687,1191,1754802,1,1,0,mand,7370,30.0,647,3.04629307389516,1.0
571,573,688,1192,1754799,1,0,0,mand,9001,23.0,249,1.2044178198868063,1.0
572,574,689,1193,1754818,1,0,0,mand,9206,23.0,341,2.2918625108909043,1.0
573,575,690,1194,1754759,1,1,0,mand,5344,20.0,882,3.1574346537379783,1.0
574,576,691,1195,1754781,1,1,0,mand,7370,31.0,1209,15.684736540297713,1.0
575,577,692,1196,1754821,1,1,0,mand,7366,24.0,145,1.7773136121276385,1.0
576,578,693,1197,1754765,1,1,1,mand,7371,22.0,225,5.226996883583703,1.0
577,579,695,1199,1754797,1,1,0,kvinde,5344,20.0,-19,0.7642792840818735,0.0
578,580,696,1200,1755063,1,1,0,mand,9044,25.0,260,1.0876731612260695,1.0
579,581,697,1201,1755057,1,0,0,kvinde,2620,37.0,440,1.0069444016948934,1.0
580,582,698,1202,2209105,1,0,1,mand,7370,24.0,242,1.571424729513102,1.0
581,583,700,1204,1754816,1,1,0,kvinde,9001,45.0,253,1.2918985653439266,1.0
582,584,701,1205,1754766,1,1,0,mand,9067,63.0,131,1.2918985653439266,1.0
583,585,703,1207,1754786,1,0,0,kvinde,9001,21.0,389,0.8093237603464075,1.0
584,586,705,1209,1754822,1,1,0,mand,7370,35.0,296,10.229896594391812,1.0
585,587,706,1210,1754808,1,1,0,mand,9046,21.0,841,8.94530280386089,1.0
586,588,707,1211,2026024,1,1,0,mand,9001,28.0,541,4.7932478357948165,1.0
587,589,708,1212,1754829,1,1,0,mand,7370,25.0,256,30.767068318592127,1.0
588,590,709,1213,1754732,1,1,0,mand,7420,30.0,461,3.259488386305512,1.0
589,591,710,1214,1754811,1,1,0,kvinde,7361,24.0,243,1.6955200371570534,1.0
590,592,712,1216,1754744,1,1,0,mand,7540,21.0,69,0.8978419867324869,0.0
591,593,713,1217,1754823,1,1,1,mand,2620,44.0,1301,5.397186597742442,1.0
592,594,714,1218,111111,1,1,0,mand,1111,47.0,-17,1.6535593182294468,0.0
593,596,718,1222,1754828,1,1,0,kvinde,0,34.0,92,1.6138555451758223,1.0
594,597,719,1223,1961241,1,1,0,mand,9001,24.0,571,2.8786180139749016,1.0
595,598,721,1225,1961250,1,1,1,mand,9001,23.0,1267,2.9085670573277973,1.0
596,599,722,1226,1961243,1,1,0,mand,9070,18.0,104,2.912237202831849,1.0
597,600,723,1227,1961253,1,1,0,mand,9070,27.0,770,2.611037149073686,1.0
598,601,724,1228,1961251,1,1,0,mand,7364,31.0,215,2.4487189967815506,1.0
599,602,726,1230,0,1,1,0,mand,9070,46.0,-6,12.690764771395807,0.0
600,603,727,1231,1961244,1,1,0,mand,7365,21.0,232,7.9827085191841824,1.0
601,604,728,1232,1961255,1,1,1,mand,9001,35.0,1193,3.897420572055825,1.0
602,605,729,1233,1754758,1,1,0,mand,9001,27.0,71,1.688550678166883,0.0
603,606,730,1234,1961246,1,1,1,mand,7370,32.0,1231,1.6374385675842509,1.0
604,607,732,1236,1504651,1,1,0,mand,9044,26.0,236,2.7604253652738846,1.0
605,608,733,1237,1961245,1,1,0,mand,9075,37.0,417,17.956387615791954,1.0
606,609,735,1239,1961259,1,1,0,kvinde,9001,30.0,707,1.0925181928966674,1.0
607,610,736,1240,1961249,1,1,0,mand,9070,23.0,189,7.848085091524296,1.0
608,611,737,1241,1754806,1,0,1,kvinde,9001,50.0,176,1.2600637677967954,1.0
609,612,738,1242,1754782,1,0,0,mand,7370,28.0,36,0.5593935359738921,0.0
610,613,741,1245,1755064,1,0,0,kvinde,7405,23.0,90,0.7651974590874745,1.0
611,614,742,1246,1961171,1,0,0,mand,9001,23.0,783,7.2346182993187425,1.0
613,616,744,1248,1961176,1,1,0,mand,9070,24.0,406,0.9421904318379906,1.0
614,617,746,1250,1961175,1,1,0,mand,9070,46.0,244,3.115472486808021,1.0
615,618,747,1251,1961172,1,1,0,kvinde,5071,33.0,731,18.757440304688426,1.0
616,619,748,1252,1961179,1,1,0,mand,9001,23.0,178,1.7353492670705826,1.0
617,620,749,1253,1961178,1,1,0,mand,9001,31.0,226,2.753729238066567,1.0
618,621,750,1254,1961177,1,0,1,mand,7360,23.0,1154,2.502827749438751,1.0
619,622,751,1255,1961181,1,0,0,mand,9067,38.0,237,17.274144962656447,1.0
620,623,752,1256,1961164,1,0,0,kvinde,9001,50.0,145,1.2600637677967954,1.0
621,624,753,1257,1755044,1,1,0,kvinde,7370,20.0,328,1.8835650631952157,1.0
622,625,754,1258,1961182,1,1,0,mand,7370,30.0,138,4.882101794004062,1.0
623,626,755,1259,1961170,1,0,0,mand,9070,39.0,192,3.115472486808021,1.0
624,627,756,1260,1961165,1,0,1,mand,9001,25.0,1140,43.163842209580146,1.0
625,628,757,1261,1961188,1,0,0,mand,9070,44.0,98,3.004334713555825,1.0
626,629,758,1262,1961166,1,0,0,mand,5344,30.0,126,0.6609282765955619,1.0
627,630,759,1263,1961167,1,0,0,mand,9046,32.0,157,5.130347809302418,1.0
628,631,760,1264,1961190,1,0,0,mand,7360,26.0,98,2.479635977474945,1.0
629,632,761,1265,11111145345,1,1,0,mand,7361,20.0,5,2.3878480349391302,0.0
630,633,762,1266,1961163,1,1,0,kvinde,9206,25.0,180,8.091911426760513,1.0
631,634,763,1267,1960000000000000,1,1,0,mand,9070,21.0,425,2.1179284803693017,1.0
632,635,764,1268,1961168,1,1,0,mand,7360,24.0,499,1.263003559432586,1.0
633,636,767,1271,1961189,1,1,0,mand,2620,43.0,943,4.780535817682456,1.0
634,637,768,1272,1961169,1,1,0,kvinde,9001,19.0,270,0.3174856038006164,1.0
635,638,769,1273,1504692,1,1,1,mand,9001,47.0,1065,6.174295210803539,1.0
636,639,770,1274,1961258,1,0,0,mand,9070,19.0,207,2.6953900157417725,1.0
637,640,771,1275,1241189,1,0,0,mand,9070,20.0,207,4.385570141121496,1.0
638,641,772,1276,2025969,1,1,0,kvinde,687,33.0,446,12.98829321506534,1.0
639,642,773,1277,1961217,1,1,1,kvinde,9190,17.0,1058,2.1229417043769154,1.0
640,643,774,1278,2025963,1,0,0,mand,9001,18.0,231,1.2918985653439266,1.0
641,644,775,1279,2209202,1,1,0,mand,5344,21.0,37,5.414029389591186,0.0
642,645,776,1280,2025994,1,1,1,kvinde,1111,16.0,1051,2.8283233811273893,1.0
643,646,777,1281,2025987,1,1,0,mand,9075,25.0,195,3.214293899308444,1.0
644,647,778,1282,2025991,1,0,1,kvinde,9001,16.0,1049,0.3174856038006164,1.0
645,648,779,1283,2025993,1,0,1,mand,9174,17.0,1049,0.3060892348609097,1.0
646,649,780,1284,2025974,1,0,1,mand,7406,47.0,1042,3.3772839397107672,1.0
647,650,781,1285,2026007,1,0,1,kvinde,9174,20.0,1042,0.3060892348609097,1.0
648,651,782,1286,2025984,1,0,0,kvinde,9075,22.0,398,1.263003559432586,1.0
649,652,783,1287,2025983,1,1,0,kvinde,9001,27.0,274,10.347784261963891,1.0
650,653,784,1288,2025968,1,1,1,kvinde,7453,32.0,1035,0.8190090331668555,1.0
651,654,785,1289,2025997,1,1,0,kvinde,9075,16.0,301,1.4455800536366192,1.0
652,655,786,1290,2026016,1,1,0,mand,5344,18.0,102,0.7642792840818735,1.0
653,656,787,1291,2025934,1,1,0,mand,7365,18.0,599,2.3193781297913616,1.0
654,657,789,1293,1961227,1,1,1,mand,7360,23.0,1023,0.9421904318379906,1.0
655,658,790,1294,2026013,1,1,0,mand,5344,22.0,647,0.5167523705154579,1.0
656,659,791,1295,1961226,1,1,0,mand,9001,53.0,610,3.4721073506273754,1.0
657,660,792,1296,2025990,1,1,0,mand,6771,32.0,365,1.6138555451758223,1.0
658,661,794,1298,1961215,1,1,0,mand,9076,40.0,133,28.67572253635404,1.0
659,662,795,1299,2025995,1,1,0,mand,1551,21.0,909,5.0392816381751375,1.0
660,663,796,1300,1961209,1,1,0,mand,7360,20.0,354,1.3675275632497066,1.0
661,664,797,1301,1961218,1,1,0,mand,9001,20.0,264,8.604398834886448,1.0
662,665,798,1302,1961239,1,1,0,kvinde,9001,33.0,623,0.5432682935474289,1.0
663,666,799,1303,1961216,1,1,0,mand,8113,45.0,165,0.8695210379099799,1.0
664,667,800,1304,2025979,1,1,0,kvinde,8113,19.0,165,1.1724980958688405,1.0
665,668,801,1305,2025978,1,1,0,mand,7365,22.0,255,2.998967610961774,1.0
666,669,803,1307,2025933,1,0,1,mand,7370,34.0,951,0.8190090331668555,1.0
667,670,805,1309,2025988,1,1,1,mand,9070,21.0,944,6.660443271533129,1.0
668,671,806,1310,1961225,1,1,0,mand,2620,21.0,180,3.5029477401379623,1.0
669,672,807,1311,2026030,1,1,0,kvinde,9001,21.0,180,8.591686560967247,1.0
670,673,808,1312,2025971,1,1,0,kvinde,9067,28.0,269,3.49050712642894,1.0
671,674,809,1313,1961229,1,1,0,kvinde,9070,56.0,295,2.618837855968716,1.0
672,675,811,1315,2025935,1,1,0,mand,9070,29.0,202,1.0948694093393048,1.0
673,676,812,1316,783122,1,0,0,mand,9070,44.0,-6385,3.268717758417324,0.0
674,677,813,1317,1961237,1,0,0,kvinde,9070,28.0,-13,3.268717758417324,0.0
676,679,815,1319,2026021,1,0,1,mand,5381,16.0,919,2.659982908284233,1.0
677,680,816,1320,2209103,1,0,0,mand,5381,25.0,247,2.659982908284233,1.0
678,681,818,1322,1961233,1,1,0,mand,1551,34.0,60,1.127267346928392,0.0
679,682,819,1323,2025940,1,1,0,mand,9070,27.0,152,2.774131728741033,1.0
680,683,820,1324,11113dtergtfewrgf,1,1,0,mand,7406,23.0,-1,7.065245790596787,0.0
681,684,821,1325,2025973,1,0,0,mand,9206,32.0,152,10.49057362928948,1.0
682,685,822,1326,111154345t,1,0,0,mand,2620,23.0,-9,1.9180736458648568,0.0
683,686,823,1327,2025989,1,1,0,mand,7370,48.0,51,0.2105919010947037,0.0
684,687,824,1328,19600000000000,1,1,0,mand,1551,23.0,-15,1.9180736458648568,0.0
686,689,826,1330,2026018,1,0,0,mand,7370,16.0,253,0.8504621491069064,1.0
687,690,827,1331,2026019,1,0,1,mand,2620,23.0,888,1.9180736458648568,1.0
688,691,828,1332,2025967,1,1,0,mand,7405,52.0,272,23.200150394858376,1.0
689,692,829,1333,2025966,1,1,1,mand,5344,35.0,325,2.2663974198772605,1.0
691,694,831,1335,2209097,1,0,0,mand,9070,16.0,840,9.757319786916929,1.0
692,695,832,1336,2025944,1,0,0,mand,9028,17.0,340,6.3213066909135485,1.0
693,696,833,1337,2026009,1,1,0,mand,7370,34.0,61,9.964003434712854,0.0
694,697,834,1338,2209089,1,1,0,mand,2610,17.0,719,6.144133499803572,1.0
695,698,835,1339,2209130,1,0,1,kvinde,9001,19.0,841,3.280229532021058,1.0
696,699,836,1340,2026026,1,0,0,mand,7370,18.0,562,0.2105919010947037,1.0
697,700,837,1341,2026027,1,0,0,mand,9070,24.0,138,12.132698617937855,1.0
698,701,838,1342,2025939,1,0,0,kvinde,9067,33.0,442,2.422744579356733,1.0
699,702,839,1343,2025992,1,0,0,kvinde,9067,35.0,442,2.422744579356733,1.0
700,703,840,1344,2026025,1,1,1,mand,9070,35.0,591,14.409489321301928,1.0
701,704,841,1345,2026014,1,1,0,mand,9070,17.0,409,0.8576001345790354,1.0
702,705,842,1346,1961240,1,1,0,kvinde,5344,19.0,68,8.718781894390839,0.0
703,706,843,1347,2026012,1,1,0,kvinde,7370,24.0,181,2.67292847737662,1.0
704,707,844,1348,2025950,1,0,0,mand,7360,17.0,212,2.377498307739293,1.0
705,708,845,1349,2025937,1,0,1,mand,7370,28.0,825,1.343293575641279,1.0
706,709,846,1350,2026003,1,1,1,kvinde,9865,41.0,301,0.7730799565501407,1.0
707,710,847,1351,1755034,1,1,0,kvinde,9001,21.0,174,8.429003444603248,1.0
708,711,848,1352,2026002,1,1,1,mand,9314,30.0,804,3.0478159374497205,1.0
709,712,849,1353,1961203,1,1,0,mand,9070,30.0,101,2.3415953984088245,1.0
710,713,850,1354,1961205,1,1,0,kvinde,7370,18.0,352,2.6423247130678305,1.0
711,714,851,1355,2026017,1,0,0,kvinde,9070,43.0,75,3.7101170949634783,0.0
712,715,852,1356,1961223,1,0,0,mand,7365,23.0,316,2.5531473561959066,1.0
713,716,853,1357,1961206,1,0,0,kvinde,7364,23.0,132,2.5531473561959066,1.0
714,717,854,1358,1961210,1,0,1,mand,9028,50.0,776,1.4698353707074423,1.0
715,718,855,1359,1961230,1,0,0,kvinde,9070,19.0,71,2.2413071684699952,0.0
716,719,856,1360,1961201,1,0,0,kvinde,9070,23.0,71,2.2413071684699952,0.0
718,721,858,1362,783155,1,1,0,mand,9001,68.0,400,0.6515699274110329,1.0
719,722,860,1364,972478,1,1,0,mand,7363,57.0,-63,3.5560704415423787,0.0
720,723,861,1365,2025938,1,1,1,mand,7363,57.0,762,3.5560704415423787,1.0
721,724,862,1366,1961214,1,0,0,kvinde,9001,18.0,205,1.2600637677967954,1.0
722,725,863,1367,2025946,1,1,0,mand,5344,41.0,143,2.575558772836263,1.0
723,726,864,1368,2025951,1,0,0,kvinde,7372,33.0,508,2.295882475132796,1.0
724,727,865,1369,2025954,1,1,0,mand,9001,28.0,722,15.384516902246089,1.0
725,728,866,1370,2026022,1,1,0,mand,1111,23.0,21,12.097908301589575,0.0
726,729,868,1372,1961235,1,1,1,mand,7360,38.0,755,2.4971902920501865,1.0
727,730,869,1373,2026000,1,1,0,kvinde,9070,27.0,256,0.8227524104772487,1.0
728,731,870,1374,1961236,1,1,0,mand,9070,30.0,244,0.8227524104772487,1.0
729,732,872,1377,2025977,1,0,0,mand,9070,22.0,207,2.4095053204295804,1.0
730,733,874,1379,2025972,1,0,0,mand,7372,24.0,360,8.186046832711419,1.0
731,734,875,1381,2025955,1,0,0,kvinde,9001,48.0,76,3.6223097457053575,0.0
732,735,876,1382,2209127,1,0,0,mand,0,52.0,472,6.159797113714899,1.0
733,736,877,1383,2025980,1,1,0,mand,9001,56.0,165,2.8489763272830544,1.0
734,737,878,1384,1961204,1,0,0,mand,1111,18.0,70,10.472898952689826,0.0
735,738,880,1386,2025945,1,0,0,mand,1688,22.0,149,2.8240113616240086,1.0
736,739,881,1387,2025982,1,0,0,mand,9001,22.0,118,2.8240113616240086,1.0
737,740,882,1388,1961234,1,1,0,mand,5344,19.0,147,1.2046941231671853,1.0
738,741,883,1389,2025941,1,1,0,mand,5344,17.0,208,1.2046941231671853,1.0
739,742,884,1390,2025996,1,1,0,mand,7370,18.0,116,3.5245487559191697,1.0
740,743,885,1391,1961231,1,1,1,mand,7369,31.0,699,0.8528252843351557,1.0
741,744,886,1392,2026011,1,1,0,kvinde,5067,30.0,665,0.8528252843351557,1.0
742,745,887,1393,2025953,1,1,1,mand,2620,16.0,92,1.5283277009272245,1.0
743,746,888,1394,2025948,1,1,0,mand,2620,51.0,695,1.5283277009272245,1.0
744,747,889,1395,2025964,1,1,1,kvinde,1551,36.0,699,8.157180035993969,1.0
745,748,891,1397,111000000000,1,1,0,mand,4030000000000000,34.0,16,19.725591335081234,0.0
746,749,892,1398,2026005,1,1,0,mand,9070,43.0,672,8.161775124822965,1.0
747,750,893,1399,2026028,1,0,0,mand,5479,19.0,274,4.2393193833895575,1.0
748,751,894,1400,2025962,1,0,0,mand,2620,26.0,53,2.117383652067863,0.0
749,752,896,1402,2025956,1,0,0,kvinde,7360,28.0,509,0.9166999343857836,1.0
750,753,898,1404,2025932,1,1,1,mand,9001,19.0,663,4.610345353907708,1.0
751,754,899,1405,1961221,1,0,1,mand,9070,33.0,659,0.9679868102109952,1.0
752,755,900,1406,2025942,1,1,1,mand,7445,32.0,657,3.128942888364916,1.0
753,756,901,1407,2025947,1,0,1,mand,9001,38.0,657,1.5205180702211571,1.0
754,757,902,1408,1961213,1,1,1,mand,9001,37.0,657,3.2193041967541163,1.0
755,758,903,1409,1961222,1,0,0,kvinde,9015,20.0,222,0.8978419867324869,1.0
756,759,904,1410,1961202,1,0,0,mand,9206,20.0,276,16.737269861009032,1.0
757,760,906,1412,1961238,1,1,1,kvinde,9001,23.0,643,1.3814773185652485,1.0
758,761,907,1413,1961212,1,1,0,mand,7370,19.0,331,11.066968964924397,1.0
759,762,908,1414,1961191,1,1,1,mand,9070,32.0,636,3.0652785092175567,1.0
760,763,909,1415,1961200,1,0,1,kvinde,9001,22.0,624,14.094446335277429,1.0
762,765,911,1417,2209141,1,0,0,mand,9001,27.0,119,3.4721073506273754,1.0
763,766,912,1418,2209217,1,0,0,kvinde,7370,17.0,51,0.6360318873120768,0.0
764,767,913,1419,2209215,1,0,0,kvinde,9206,19.0,143,3.544200197915767,1.0
765,768,914,1420,2209052,1,1,0,mand,9206,20.0,294,15.527063833062732,1.0
766,769,915,1421,2209201,1,1,0,mand,9070,22.0,79,0.25005442290071395,0.0
767,770,916,1422,2209180,1,1,0,mand,9076,21.0,79,17.773025178988302,0.0
768,771,917,1423,11100000000000,1,1,0,kvinde,7370,22.0,13,19.464932466209508,0.0
769,772,918,1424,2209146,1,1,0,mand,9001,18.0,283,2.8283758673891595,1.0
770,773,919,1425,2209144,1,0,0,mand,5352,34.0,220,19.186192736501468,1.0
771,774,920,1426,2209210,1,1,0,mand,9343,26.0,492,1.3494799764341967,1.0
772,775,921,1427,2209056,1,0,0,mand,9070,33.0,183,1.865931039895089,1.0
773,776,922,1428,2209171,1,0,1,mand,9206,34.0,582,1.865931039895089,1.0
774,777,923,1429,2209173,1,0,0,mand,7361,55.0,456,0.883396844520252,1.0
775,778,924,1430,2209060,1,0,0,mand,9070,19.0,466,9.731735498543543,1.0
776,779,925,1431,2209148,1,0,0,mand,9070,19.0,192,10.679664691514427,1.0
777,780,926,1432,2209147,1,0,0,mand,9033,20.0,101,3.057482650974372,1.0
778,781,927,1433,2209213,1,1,0,mand,9001,21.0,165,2.3660815132003683,1.0
779,782,928,1434,2209172,1,1,0,mand,9070,33.0,214,0.8324320930388355,1.0
780,783,929,1435,2209209,1,1,1,mand,9075,30.0,545,1.4798979611545482,1.0
781,784,930,1436,2209059,1,0,0,mand,9070,44.0,504,9.757319786916929,1.0
782,785,932,1438,2209214,1,0,1,mand,2620,37.0,526,5.178157919796266,1.0
783,786,933,1439,2209053,1,0,1,mand,7370,34.0,519,11.23100631223788,1.0
784,787,934,1440,1961199,1,0,1,kvinde,1551,38.0,512,0.8736716238034183,1.0
785,788,935,1441,2209177,1,1,0,mand,9046,30.0,31,5.557381514462861,0.0
786,789,936,1442,1961197,1,1,0,mand,9070,23.0,211,43.59316394699873,1.0
787,790,937,1443,2209057,1,1,1,mand,5655,26.0,489,18.493600387188586,1.0
788,791,938,1444,1961192,1,1,0,mand,5344,27.0,151,12.199087243694134,1.0
789,792,939,1445,2209058,1,1,0,mand,7366,19.0,84,3.8697345294654197,0.0
790,793,940,1446,2209207,1,0,0,kvinde,9070,22.0,259,10.14803971734352,1.0
791,795,943,1449,2209174,1,1,0,mand,5344,20.0,192,0.7642792840818735,1.0
792,796,944,1450,22092016,1,0,1,mand,9046,35.0,463,2.038924234309932,1.0
793,797,945,1451,2209205,1,0,1,mand,9070,22.0,463,2.2199779189609097,1.0
794,798,946,1452,2209218,1,1,1,mand,1621805963,42.0,461,0.7668097464573045,1.0
795,799,947,1453,2209145,1,1,1,mand,5170,31.0,461,2.8836391834775914,1.0
796,800,948,1454,2209179,1,1,1,mand,9001,20.0,457,4.603243379529793,1.0
797,801,949,1455,2209150,1,0,1,mand,9070,37.0,454,1.3845972285063701,1.0
798,802,951,1457,1961198,1,0,0,mand,9001,22.0,347,1.0189626221364372,1.0
799,803,953,1459,2209211,1,1,0,mand,7530,19.0,43,17.660238005432134,0.0
803,807,958,1464,2209189,1,0,0,mand,6771,31.0,159,0.9065900200097202,1.0
804,808,959,1465,2026272,1,1,0,mand,7370,25.0,86,4.961280060683738,0.0
805,809,962,1468,2209185,1,1,1,mand,5344,52.0,364,1.6345342308528024,1.0
806,810,963,1469,2209184,1,0,0,kvinde,7360,21.0,293,1.3914192241381762,1.0
807,811,964,1470,2209070,1,1,0,mand,1111,57.0,115,1.2046941231671853,1.0
808,812,965,1471,2209165,1,0,1,mand,7360,37.0,330,1.1668722395822697,1.0
810,814,967,1473,2026271,1,0,1,mand,7370,22.0,330,2.8748667585550844,1.0
811,815,968,1474,2209162,1,1,1,mand,9001,26.0,330,6.828079795591448,1.0
812,816,969,1475,2209101,1,1,0,kvinde,1551,34.0,100,8.740168564160504,1.0
813,817,970,1476,2209061,1,0,1,kvinde,7540,44.0,316,11.199247949159618,1.0
815,819,972,1478,2209169,1,0,0,kvinde,9001,19.0,159,1.1687077446100105,1.0
817,821,974,1480,2026243,1,1,0,mand,9001,36.0,180,9.118767827014693,1.0
820,824,977,1484,2026276,1,0,0,mand,9001,41.0,87,1.0260452020240134,0.0
821,825,978,1485,2209090,1,0,0,kvinde,0,31.0,87,0.8683292515368151,0.0
822,826,980,1487,2209163,1,1,0,kvinde,9070,35.0,268,31.697941341369578,1.0
823,827,981,1488,2209161,1,1,0,kvinde,7364,25.0,176,1.3494799764341967,1.0
825,829,984,1491,2026245,1,1,1,mand,9070,29.0,248,1.8894790089398268,1.0
826,830,985,1492,2026247,1,1,0,kvinde,7360,23.0,57,2.1082964167745035,0.0
827,831,986,1493,2209064,1,1,0,mand,7360,27.0,57,1.0925181928966674,0.0
829,833,988,1495,2209094,1,1,0,mand,3874,18.0,149,2.4856110370340674,1.0
830,834,989,1496,2209069,1,0,1,mand,9070,30.0,239,18.42153699206909,1.0
831,835,990,1497,2026274,1,0,0,kvinde,0,25.0,205,3.2961969040685446,1.0
832,837,994,1501,2209170,1,0,0,kvinde,7360,20.0,153,0.8811871569460175,1.0
833,838,995,1502,2209066,1,0,0,mand,2620,27.0,153,0.8811871569460175,1.0
834,839,996,1503,2209164,1,0,0,mand,7260,38.0,-14,2.517664018543448,0.0
835,840,997,1504,2026250,1,0,0,mand,7401,28.0,88,1.3914192241381762,0.0
836,841,998,1505,2209110,1,1,0,mand,111,41.0,81,31.94572944806593,0.0
837,842,999,1506,2209085,1,1,1,mand,9070,33.0,175,3.290205379451055,1.0
838,843,1000,1507,2209182,1,0,0,kvinde,9067,21.0,43,0.9679868102109952,0.0
839,844,1001,1508,2209107,1,1,1,mand,2620,29.0,163,3.809180096210425,1.0
840,845,1002,1509,2209129,1,0,0,mand,0,39.0,60,0.8736716238034183,0.0
841,846,1003,1510,2209102,1,0,1,kvinde,0,17.0,134,0.7451935384126843,1.0
842,847,1005,1512,2026275,1,0,1,mand,9070,21.0,120,2.1179284803693017,1.0
844,849,1007,1514,2209092,1,1,1,mand,333,26.0,99,2.362779391167395,1.0
846,865,1027,1536,2209083,1,1,0,mand,9001,42.0,67,4.707027541580558,0.0
