,Unnamed: 0,Medlemsnummer,Chipnumber,Telefon,Email,Aktiv,Gender,Regnummer,Age,duration,distance
0,0,446,1057041,1,0,0,,,49.0,238,1.214126366404762
1,1,447,78317633444,1,0,0,,,44.0,235,13.827572723005286
2,2,466,1057361,1,0,0,,,27.0,754,2.9405973267715777
3,3,489,1057048,1,1,0,,,26.0,337,2.1229417043769154
4,4,491,972506,1,1,0,,,45.0,747,1.038701775596575
5,5,493,972501,1,1,0,,,26.0,290,0.9544619211434446
6,6,494,972509,1,0,0,,,27.0,382,0.6293502012033888
7,7,497,806313,1,0,0,,,43.0,1018,2.7462723432439704
8,8,498,1241361,1,0,0,mand,9001,24.0,33,2.611545558849014
9,10,500,782681-grnbrugt21,1,1,0,,,43.0,131,1.2154494021213105
10,11,501,783205,1,0,1,,,28.0,829,5.051491575892885
11,12,502,1057362,1,0,0,,7370,29.0,210,2.903994352665192
12,13,503,783149,1,1,0,,,26.0,430,2.4733884780188546
13,14,504,972085,1,0,1,,,48.0,2898,8.702910002435251
14,15,505,972493,1,0,0,kvinde,9046,47.0,197,8.702910002435251
15,16,506,972445,1,0,0,,,44.0,2498,2.654351004937526
16,17,507,782718,1,1,0,,,46.0,242,4.822268557520285
17,18,508,972095,1,1,1,,,43.0,481,0.9536169694857302
18,19,509,783164,1,1,0,,,33.0,2675,2.614914194745704
19,20,510,1057045,1,1,0,,,26.0,422,0.8638907145354879
20,21,511,1057055,1,0,1,mand,5344,41.0,820,1.628966888724653
21,22,512,1057363,1,0,1,mand,2620,70.0,2892,0.8345953278478196
22,23,513,1057370fhjghfjgf,1,0,0,,,34.0,697,0.9367359331112229
23,24,514,972510,1,1,0,,,40.0,2036,4.97804295893814
24,25,515,972444,1,1,0,,,32.0,157,1.0925181928966674
25,26,516,783152,1,1,0,,,34.0,604,11.537234095783052
26,27,517,972489-134657567,1,0,0,,,35.0,634,0.7810765394397339
27,29,519,1057043,1,1,0,,,28.0,67,4.048128267117389
28,32,522,972507,1,0,0,,,26.0,476,4.997624828781969
29,34,524,1057364,1,0,0,,,33.0,142,1.974238006978916
30,35,525,783161,1,1,0,,,59.0,1848,14.253399882873024
31,36,526,1057365,1,0,0,,,37.0,778,1.1610903484093962
32,37,527,972129,1,1,1,,,42.0,2883,0.8370805147125456
33,39,529,783210,1,1,0,,,60.0,109,1.5103810018956307
34,42,532,1057398,1,0,0,,,43.0,2726,1.3109332210358702
35,43,533,1057046,1,1,0,mand,8113,43.0,962,6.1443920830533365
36,44,534,972495,1,0,0,,,25.0,931,0.5222872948363685
37,45,535,972498,1,1,0,,7370,25.0,86,0.1991484247738214
38,46,536,1057393,1,0,0,mand,5344,26.0,460,0.7889439957105895
39,48,538,1057059,1,0,0,,,35.0,262,1.991791115411744
40,49,539,1057382,1,0,0,,,44.0,354,0.5760995062652603
41,50,540,1961185,1,0,1,mand,7541,27.0,692,2.8647957129232715
42,51,541,1057404,1,1,0,mand,8091,29.0,298,8.247840314419497
43,52,542,972460,1,0,0,,,51.0,505,10.535211247115383
44,53,543,1057388,1,1,0,,,50.0,900,2.4733884780188546
45,54,544,1057402,1,0,0,,,68.0,307,1.7146100626617342
46,55,545,1057406,1,0,0,,,37.0,109,2.444358941799757
47,56,546,972092,1,1,0,,,47.0,2058,8.082845215830725
48,57,547,1057391,1,1,0,,,25.0,293,2.211627656256246
49,58,548,1057410,1,1,0,,,29.0,323,3.851910420698477
50,59,549,1057403,1,1,0,,,26.0,750,2.867009143292588
51,60,550,1057384,1,1,0,,,32.0,1753,44.949849685230475
52,62,552,1057390,1,1,0,,,28.0,288,12.694563781369233
53,63,555,972108,1,1,0,mand,9002,42.0,514,0.6166042762808773
54,64,556,1057401,1,1,0,,,35.0,437,18.045547679733144
55,65,557,1057408,1,1,0,,,32.0,224,4.262851267192798
56,66,558,1057392,1,1,0,,,32.0,189,42.53398946177194
57,67,559,1057405,1,1,0,,,56.0,187,2.5534087095096316
58,68,560,1057376,1,1,0,mand,7370,37.0,60,1.0939061433008843
59,69,561,783125,1,1,0,,,27.0,269,0.6336643990191043
60,70,562,1057394,1,1,0,,,32.0,123,18.045547679733144
61,71,563,1057377,1,1,0,mand,9070,28.0,757,4.272010145410636
62,72,564,1057373,1,0,0,,,28.0,151,5.445477299781072
63,73,565,1450766,1,1,0,mand,8215,25.0,2317,3.40679199033044
64,74,566,1057056,1,0,0,mand,7370,24.0,111,5.506103235617397
65,75,567,1057379,1,1,0,,,28.0,151,0.8576001345790354
66,76,568,972467,1,1,0,,,27.0,242,1.779375699155635
67,78,570,1057385,1,0,0,,,22.0,635,0.8005114931693402
68,80,572,1057372,1,1,0,,,47.0,236,1.974238006978916
69,81,574,1057375,1,1,0,,,37.0,601,6.520313361597163
70,82,575,1057383,1,1,0,,,43.0,387,5.0411750113590985
71,84,577,972106,1,1,0,,,28.0,267,8.408662018169549
72,85,578,1057374,1,1,0,,,36.0,175,225.4306839384695
73,86,579,972451,1,1,0,,,45.0,175,1.2918985653439266
74,88,581,1057371,1,1,0,,,44.0,165,2.7259167624576786
75,89,582,1057044,1,1,0,,,47.0,193,2.9068480384731465
76,90,583,1057381,1,0,0,,,46.0,735,2.963557515346135
77,91,584,1241249,1,0,0,,,26.0,660,4.044303092252935
78,92,585,1057396,1,0,0,,,31.0,462,1.8256049467535456
79,93,586,1057400-keyreused,1,0,0,,,31.0,127,2.458745835837893
80,94,587,783138,1,1,0,,,34.0,1314,3.1720321811853736
81,95,588,806303,1,1,0,,,40.0,93,1.5701314544430365
82,96,589,783166,1,1,0,,,31.0,427,11.272034616353086
83,97,590,782694,1,1,0,mand,1111,,1432,2.5104077332192007
84,98,591,783135,1,0,0,,,30.0,1978,155.23021106407228
85,99,592,1241242,1,0,0,,,30.0,213,1.0160331732378105
86,103,596,1057053,1,1,1,mand,7360,28.0,1387,0.9166999343857836
87,104,597,806300,1,1,1,,,33.0,1459,9.414545921852095
88,106,599,783140,1,1,0,mand,9070,32.0,190,43.545784821341925
89,107,600,1241246,1,1,0,,,25.0,55,0.8588791986476524
90,108,601,1241245,1,1,0,,,26.0,86,11.190564130746973
91,109,602,1241247,1,1,0,kvinde,7370,41.0,112,0.6360318873120768
92,110,603,1241248,1,1,0,,,25.0,169,1.4820566036841871
93,111,604,1241199,1,1,0,,,25.0,746,1.214126366404762
94,112,605,1241219,1,1,0,mand,7370,25.0,121,2.8333395049934964
95,113,606,1241197,1,0,0,kvinde,9001,22.0,49,1.2863007599804608
96,114,607,783158,1,1,0,mand,9001,32.0,890,2.5249266768044856
97,115,608,1241196,1,1,0,mand,9002,26.0,552,3.664319736501265
98,116,609,972104,1,1,0,mand,9070,31.0,157,2.6590987627978486
99,117,610,1241194,1,1,0,mand,9001,44.0,795,1.7511472224158982
100,118,611,1241193,1,1,0,mand,9827,25.0,734,1.7511472224158982
101,119,612,1241192,1,1,0,mand,7370,28.0,88,252.44678545949486
102,121,615,1057369,1,0,0,mand,5344,27.0,91,11.28334512203391
103,122,616,1241195,1,1,0,mand,1111,28.0,-3,0.1991484247738214
104,123,617,1241191,1,1,0,mand,4571,47.0,606,9.896511418628958
105,124,618,1241190,1,1,0,mand,7370,43.0,2494,1.1074775930709595
106,125,619,1241237,1,1,0,kvinde,9001,26.0,210,3.5944836275080383
107,126,620,1241238,1,1,0,mand,9001,40.0,210,3.5944836275080383
108,127,621,972462,1,1,0,mand,9001,26.0,541,2.1944428317314633
109,128,622,1450427,1,0,0,mand,2620,28.0,1238,5.156618505715419
110,130,624,972496,1,0,0,mand,9001,26.0,349,8.505332299327852
111,131,625,972465,1,0,1,mand,9001,57.0,2785,1.2600637677967954
112,132,626,1241231,1,1,0,mand,9002,28.0,42,1.0239827772903398
113,133,627,782711,1,1,0,mand,25,28.0,461,1.0160331732378105
114,134,628,1241206,1,1,0,mand,9206,26.0,948,2.3032181427435585
115,135,629,783185,1,1,0,mand,9001,30.0,127,5.497063503515303
116,136,630,1057368,1,1,0,mand,9067,25.0,61,14.983806996000693
117,137,632,1241201,1,1,0,mand,9075,25.0,183,11.462332112666974
118,138,633,1241202,1,1,0,mand,9070,25.0,183,11.37633100599216
119,139,634,972438,1,1,0,mand,9067,30.0,274,0.9982500091494924
120,140,635,1241230-reused2,1,1,0,mand,7370,49.0,362,1.7862779601393417
121,141,636,1241208,1,1,0,mand,9070,28.0,32,3.0571985991479957
122,142,638,1241184,1,1,0,mand,7361,40.0,1969,3.2485407107794715
123,144,640,1241186,1,1,0,kvinde,7370,38.0,1158,5.0411750113590985
124,145,641,1241207,1,1,0,kvinde,9075,32.0,367,17.338071274321607
125,146,642,1754745,1,1,0,kvinde,9002,22.0,699,2.4173830663544034
126,147,643,1241205,1,1,0,mand,7360,42.0,94,0.8798719678563491
127,148,644,1754731,1,1,1,mand,9070,25.0,1048,3.3717173957986266
128,149,645,1241181,1,1,0,mand,9206,27.0,2678,3.1276777621329397
129,150,646,1241180,1,1,0,kvinde,2620,43.0,610,46.80761863217663
130,151,647,1241233vvvm,1,1,0,,9452yyy,44.0,514,1.5976981430521109
131,153,649,1057042,1,1,0,kvinde,7371,24.0,178,0.9487831521758492
132,156,652,1241234,1,0,0,kvinde,9070,24.0,117,2.728328739597084
133,157,653,1241189-used44,1,1,0,mand,7361,30.0,329,2.575247659473813
134,158,654,1241188,1,1,0,mand,5344,60.0,266,2.104560752667418
135,159,655,1241183,1,1,0,kvinde,8215,36.0,143,1.038701775596575
136,160,656,2026008,1,1,0,mand,9070,44.0,-13,3.2687177584173237
137,162,658,972432,1,1,0,mand,7360,26.0,47,3.1167017447672656
138,163,659,1241215,1,0,0,mand,7360,31.0,47,47.22789349465484
139,164,660,1241254,1,1,0,mand,3470,39.0,290,1.1852546604845464
140,165,661,1241187,1,1,0,mand,9206,29.0,92,4.060822445890784
141,168,664,1754790,1,1,0,mand,7370,25.0,218,1.05920026043348
142,169,665,1241251,1,1,0,mand,3448,30.0,1259,1.974238006978916
143,171,667,1755053,1,1,0,kvinde,5479,16.0,573,3.2687177584173237
144,172,668,1241209,1,1,0,mand,8113,41.0,164,2.7484687679148228
145,173,669,972447,1,1,0,mand,7360,31.0,41,143.03149274131488
146,174,670,1241236,1,1,0,mand,9070,36.0,618,2.1094437761608185
147,175,672,782681,1,1,0,mand,9002,33.0,435,1.8137405167444318
148,176,673,1241210,1,0,0,mand,9070,26.0,247,1.3235023415754592
149,177,674,1241272,1,1,0,mand,9001,37.0,488,1.386706177978578
150,178,675,1241212,1,0,0,mand,7360,28.0,66,52.493885482664425
151,181,678,1241258,1,1,0,mand,9044,31.0,262,3.0586480847867663
152,182,679,1241279,1,0,0,mand,9044,36.0,354,3.0586480847867663
153,184,682,1241273,1,0,0,mand,9206,48.0,629,9.089135220385204
154,185,683,1241217,1,0,0,mand,9001,21.0,325,0.9782966486422402
155,186,684,1057409,1,1,0,mand,7361,36.0,639,1.6394251127252593
156,187,685,972431,1,1,0,mand,9070,31.0,1286,13.90082315106895
157,188,686,1241266,1,0,0,mand,9070,28.0,63,2.6544117706277697
158,189,687,783204,1,0,0,mand,9206,29.0,1158,4.4819584662769385
159,190,688,1241276,1,0,1,mand,9001,27.0,2684,2.1775077435970056
160,191,689,1241223,1,0,0,mand,9001,28.0,1093,2.8870020457639427
161,192,690,1241224,1,1,0,mand,7366,24.0,575,1.5083132125005343
162,193,691,1241216,1,1,0,kvinde,5479,48.0,1643,14.253399882873024
163,195,693,806288,1,0,0,mand,9070,39.0,139,0.8576001345790354
164,196,694,972450,1,1,0,mand,9001,26.0,198,4.365863808133595
165,197,695,1241271,1,0,0,mand,9070,26.0,198,145.93552288055662
166,199,697,1241226,1,0,0,mand,8113,25.0,47,4.7881600496326815
167,201,699,1241252,1,0,0,mand,5344,39.0,106,1.5658878005885872
168,202,700,972446,1,1,0,mand,7370,27.0,223,7.405940430767447
169,204,702,1241211,1,1,0,mand,2620,33.0,344,2.8598072952395825
170,206,704,1241260,1,1,0,mand,7370,41.0,1038,14.349498760806355
171,207,705,1241259,1,0,0,mand,7370,40.0,2349,11.126855645774233
172,209,707,782693,1,1,0,mand,7360,44.0,1977,0.5710420854332767
173,211,709,1241275,1,0,0,mand,9106,27.0,85,5.506103235617397
174,212,710,972464,1,1,0,mand,9033,35.0,175,2.679236020141039
175,213,711,1241222,1,1,0,kvinde,7401,31.0,328,0.8114689242231715
176,214,712,1241261,1,1,0,kvinde,4940,26.0,206,0.3927025517929079
177,215,713,1241225,1,0,0,mand,9001,26.0,535,3.1969257227910117
178,216,714,1241229,1,1,0,kvinde,9070,24.0,229,9.612832465152282
179,217,715,1241341,1,0,0,kvinde,9206,29.0,1086,1.0925181928966674
180,218,716,1241263,1,0,0,mand,8113,34.0,66,5.9212575401321885
181,219,717,1241277,1,0,0,mand,7363,34.0,66,2.7092438795716918
182,220,718,1241228,1,1,0,mand,9001,48.0,611,1.7511472224158982
183,222,720,1241349,1,0,0,mand,7370,27.0,604,3.666385785858666
184,223,721,972476,1,1,0,mand,9206,47.0,2247,2.0133859701872603
185,224,722,1241309,1,0,0,kvinde,9001,18.0,2425,1.2600637677967954
186,225,723,1241257,1,1,0,mand,7428,47.0,201,17.057246013434042
187,226,724,1241348,1,0,0,mand,7370,28.0,134,2.9171911336651526
188,227,725,1241303,1,0,0,mand,7370,36.0,107,1.7336455253442633
189,228,726,1057378,1,1,0,mand,9070,37.0,128,3.1179629240050586
190,229,727,1241346,1,0,0,kvinde,7370,41.0,608,5.044356572176785
191,230,728,1241347,1,0,0,mand,7370,43.0,792,5.044356572176785
192,231,729,1241307,1,0,0,mand,9001,34.0,366,47.10489725608241
193,232,730,1241344,1,1,0,mand,9002,34.0,121,2.7165835965501164
194,234,732,1241342,1,1,0,mand,2620,44.0,2280,9.994768662440805
195,235,734,1241300,1,0,0,mand,9070,30.0,175,0.7873358520977054
196,236,735,1241304,1,0,1,mand,9206,68.0,2584,0.6815962664271173
197,237,736,1241305,1,0,0,kvinde,7370,37.0,477,14.349498760806355
198,238,737,1241302,1,1,0,kvinde,7366,52.0,130,0.8576001345790354
199,239,738,1241343,1,0,0,mand,9004,32.0,112,143.89799387388916
200,240,739,1057366,1,1,0,mand,8091,47.0,598,28.72935578510407
201,243,742,1241370,1,1,0,kvinde,9067,44.0,259,0.8079383823382404
202,244,743,972475,1,1,0,mand,9001,26.0,162,2.2685035931727193
203,245,744,1241360,1,1,0,kvinde,7370,61.0,192,1.50132528081808
204,246,745,1241355,1,1,0,kvinde,9206,71.0,192,1.2912498866592812
205,247,746,1241377,1,1,0,kvinde,9001,18.0,169,1.2600637677967954
206,248,747,783171,1,1,1,mand,9070,37.0,2561,2.343936464430171
207,249,748,1241365-flyttet,1,0,0,mand,2110,40.0,91,231.6285894878885
208,250,749,783160,1,0,0,mand,9070,33.0,2335,2.2918625108909043
209,251,750,1241371,1,1,0,mand,7371,28.0,293,2.533613154248612
210,253,752,1241353,1,0,0,kvinde,9206,34.0,1085,0.7379545541176293
211,254,753,2026010,1,1,0,mand,7361,40.0,2106,13.613601567822034
212,255,754,783174,1,1,0,mand,7402,38.0,591,3.1154724868080215
213,256,755,1241369,1,1,0,kvinde,7681,33.0,932,0.7417556924373542
214,257,756,1241376,1,0,0,kvinde,7370,55.0,376,0.8005114931693402
215,258,757,1241367,1,1,0,mand,9002,30.0,638,0.9871690429064572
216,259,758,1241375,1,0,0,mand,9001,41.0,717,0.7754929170232663
217,261,760,1241345,1,1,0,mand,5344,25.0,173,0.6273734323290295
218,262,761,1241362,1,1,0,kvinde,7541,24.0,112,2.297212288577972
219,264,763,1241374,1,1,0,mand,9206,49.0,105,6.4955605343857465
220,265,764,1241351,1,0,0,mand,9044,23.0,317,1.1195172534086022
221,266,765,1241366,1,1,0,kvinde,9044,47.0,312,1.1195172534086022
222,267,766,1241354,1,1,0,mand,9044,20.0,312,1.1195172534086022
223,268,767,1419209,1,1,0,mand,9406,26.0,819,3.8798523644155294
224,269,768,14191732,1,1,0,kvinde,90702,87.0,454,3.0672366947584373
225,270,769,1419213,1,1,0,mand,9070,26.0,273,13.294252010832029
226,271,770,1419167,1,1,0,mand,9206,27.0,84,4.276134571801098
227,272,771,1241379,1,1,0,mand,2620,35.0,237,3.86973452946542
228,273,772,783143,1,0,1,mand,7370,43.0,2490,2.2918625108909043
229,274,773,1419168,1,0,0,mand,9206,51.0,1052,1.3448949087047801
230,275,774,1419169,1,1,0,mand,9070,48.0,558,3.1629230254329737
231,276,775,1419211,1,1,0,kvinde,9070,41.0,281,9.896511418628958
232,277,776,806329,1,1,0,mand,7360,36.0,1042,1.8141727211780032
233,278,777,783181,1,1,1,mand,9001,36.0,2470,2.984128057314537
234,279,778,1419214,1,0,0,mand,9075,25.0,184,11.621670864774648
235,281,780,1419175,1,1,0,mand,7370,38.0,48,5.329195857982731
236,282,781,1419207,1,0,0,mand,9033,27.0,42,1.2464941191603496
237,286,785,1419174,1,0,0,kvinde,9067,27.0,375,1.5813925838126668
238,288,787,1241352,1,1,0,mand,6771,34.0,370,1.6600263863635023
239,289,788,1419215,1,1,0,mand,7370,55.0,219,2.169872159441278
240,290,789,1419172,1,1,0,mand,9001,35.0,218,1.6733527569491298
241,293,792,1241359,1,1,0,kvinde,9070,18.0,64,2.287069559185744
242,294,793,1241378,1,1,0,,9070,47.0,64,2.287069559185744
243,295,794,1241356,1,1,0,,9070,49.0,64,2.287069559185744
244,296,795,1419187,1,1,0,mand,9046,23.0,947,2.502827749438751
245,297,796,1419188,1,1,0,mand,9388,29.0,26,1.8636441772718249
246,298,797,1419189,1,1,0,mand,2256,33.0,789,3.6392675177377876
247,300,799,1419191,1,0,0,mand,9070,33.0,149,3.0262379197422216
248,301,800,1419192,1,0,0,kvinde,9067,29.0,240,1.5943336811298718
249,302,801,1419193,1,1,0,kvinde,9070,34.0,201,10.616754693582504
250,303,802,1419194,1,1,0,mand,7370,36.0,236,3.2771143036759884
251,304,803,1419195,1,1,0,mand,9070,29.0,235,3.817254828278538
252,305,804,1419196,1,0,0,mand,9070,46.0,82,4.150463661993996
253,306,805,1419205,1,1,0,mand,4770,29.0,143,2.7206947253027534
254,308,807,1419177,1,0,0,mand,9067,33.0,264,1.5943336811298718
255,309,808,1057400,1,1,0,mand,9070,45.0,316,13.780619072905465
256,310,809,1419178,1,1,0,mand,9206,22.0,980,1.3448949087047801
257,312,811,782680,1,1,0,mand,9046,28.0,304,6.142173089043991
258,314,813,1419199,1,1,0,mand,9212,31.0,57,2.1244200563819646
259,316,815,1419185,1,0,0,mand,9070,28.0,212,2.836168715046293
260,317,816,1419197,1,1,0,mand,9001,31.0,146,8.017167274605772
261,318,817,1419184,1,1,0,mand,9046,55.0,146,3.4579524070951555
262,319,818,1419201,1,1,1,mand,7360,30.0,2402,3.0262379197422216
263,320,819,1419202,1,1,0,mand,9070,37.0,238,3.86973452946542
264,321,820,1241365,1,1,1,mand,7445,27.0,2401,19.137078756696827
265,322,821,1450420,1,0,0,kvinde,7371,26.0,137,1.0925181928966674
266,323,822,1450478,1,0,0,kvinde,9070,26.0,229,14.87661572748849
267,325,824,1754796,1,1,0,mand,9001,21.0,116,3.6598304709012472
268,327,826,1450477,1,0,0,mand,7371,32.0,45,2.7092438795716918
269,328,827,1450436,1,0,0,kvinde,5380,34.0,76,3.4072321849113743
270,329,828,1450471,1,0,0,mand,9070,26.0,198,4.574102292871328
271,330,829,1450483,1,0,0,mand,9002,26.0,288,3.59314661626872
272,331,830,972083,1,1,0,mand,9206,74.0,107,3.987630088823699
273,332,831,1450484,1,0,0,mand,9001,55.0,714,4.42539762470235
274,333,832,1450416,1,0,0,mand,9001,29.0,714,4.42539762470235
275,334,833,1450474,1,0,0,mand,2620,54.0,76,1.974238006978916
276,335,834,1450486,1,0,0,kvinde,2620,51.0,198,9.994768662440805
277,336,835,1450488,1,0,0,mand,3463,44.0,198,2.239647661514638
278,337,836,1450423,1,0,0,mand,2620,54.0,319,16.72540144832456
279,338,837,1450472-1,1,1,0,kvinde,2620,46.0,137,4.7805358176824555
280,339,838,1450476-trewryew,1,1,0,kvinde,7367,48.0,137,4.4126276411317
281,340,839,1450421,1,0,1,mand,9024,27.0,2393,13.828986351236894
282,341,840,1450438,1,0,0,kvinde,7445,28.0,168,19.137078756696827
283,342,841,806305,1,1,0,mand,7360,38.0,349,2.3952580710755993
284,343,842,1450412,1,0,0,kvinde,9163,23.0,15,3.0923633173577616
285,344,843,1504653,1,1,0,kvinde,7361,25.0,594,1.9413512312745689
286,345,844,1450479,1,0,0,kvinde,2620,33.0,45,0.7468409144265855
287,346,845,806293-vindue,1,1,0,mand,9002,27.0,1264,3.1154724868080215
288,349,848,1450481,1,0,0,mand,9001,44.0,288,1.4407482561015597
289,350,849,1450765,1,0,0,mand,9002,26.0,199,0.7935008459657799
290,351,850,1450422,1,0,0,kvinde,9001,57.0,161,1.8728064234740425
291,352,851,1450415,1,0,0,mand,5344,40.0,891,1.1471532171539018
292,353,852,1450433,1,1,0,kvinde,9070,53.0,125,0.8705093500576077
293,354,853,1419186,1,0,0,kvinde,2620,66.0,64,0.8576001345790354
294,355,854,783197,1,1,0,mand,2620,28.0,310,1.9318857166804335
295,356,855,1450417,1,0,0,kvinde,169,56.0,549,8.674412452757796
296,357,856,1450419,1,0,0,mand,5344,41.0,57,0.8435779163614608
297,358,857,1450480,1,0,0,mand,9070,22.0,55,13.294252010832029
298,359,858,1961183,1,0,0,mand,7362,39.0,1759,3.1031206586195093
299,362,861,1450428,1,0,0,mand,7360,27.0,260,3.3952307101038284
300,363,862,1755043,1,0,0,mand,9012,24.0,20,4.899714750918166
301,366,865,1450413,1,1,0,mand,7370,53.0,919,0.2323726689954149
302,367,866,1450411,1,0,0,kvinde,9206,39.0,642,0.24440701514878724
303,369,868,1450424,1,0,0,kvinde,7428,49.0,660,1.6695966549747088
304,370,869,1450426,1,1,0,mand,1111,24.0,58,5.488659872605139
305,371,870,1450439,1,1,0,mand,11111,21.0,61,5.488659872605139
306,372,871,1450425,1,1,0,mand,2620,52.0,241,1.9097201808226745
307,373,872,1419181,1,1,0,mand,7370,28.0,60,43.14275000179841
308,375,874,1419203,1,0,0,mand,2620,46.0,361,0.8576001345790354
309,376,875,1450429,1,0,1,mand,9206,45.0,2344,0.665943951581009
310,377,876,1419204,1,0,0,mand,7361,43.0,72,4.983497819955701
311,378,877,1419182,1,1,0,kvinde,9070,31.0,170,3.5673800617437084
312,380,879,1241189rerer,1,1,0,mand,7360,27.0,564,3.851910420698477
313,381,880,783196,1,1,0,kvinde,7361,50.0,134,0.779662165779873
314,382,881,972477,1,1,0,kvinde,7361,50.0,91,0.779662165779873
315,383,882,972521,1,1,0,mand,9070,31.0,288,9.42025082030701
316,384,883,1057054,1,1,0,mand,7420,24.0,34,2.5991196178951927
317,385,884,1450781,1,1,0,mand,9067,31.0,62,3.6392675177377876
318,386,885,1450747,1,1,0,mand,7681,32.0,630,0.7417556924373542
319,387,886,1450783,1,0,0,mand,9070,44.0,1156,12.190786926207304
320,388,887,1450785,1,1,0,kvinde,9001,26.0,237,6.828079795591448
321,389,888,1450760,1,1,0,kvinde,9044,29.0,267,0.8619184570687909
322,390,889,1450780,1,1,0,kvinde,9044,29.0,267,0.8619184570687909
323,392,891,1450774,1,0,0,mand,9206,24.0,46,4.213162051572811
324,395,894,1450751,1,1,0,kvinde,9070,48.0,314,8.657949325628616
325,396,895,1450771,1,1,0,mand,9070,44.0,749,8.657949325628616
326,397,896,1450744,1,1,0,mand,9076,28.0,1070,5.557381514462861
327,398,900,1450752,1,0,0,mand,9001,25.0,1467,5.170207707392137
328,399,901,2025931,1,1,0,mand,7541,41.0,86,3.3832309527067035
329,400,902,1241230,1,1,0,kvinde,7541,37.0,1582,14.045545001743946
330,401,903,1450476,1,1,0,kvinde,7371,25.0,58,3.031074175822104
331,402,904,1450754,1,1,0,kvinde,9070,27.0,940,13.578563226827312
332,403,905,1450741xx,1,1,0,mand,7446,26.0,543,15.413593667099422
333,404,906,1450767,1,1,0,mand,7366,28.0,178,3.453254590660022
334,405,907,1450779,1,1,0,mand,2620,34.0,88,3.4086403358674144
335,406,908,1450761,1,1,0,mand,9001,34.0,300,8.660458254664405
336,407,909,1450759,1,1,0,mand,2620,25.0,119,2.299295524061453
337,411,913,1450786,1,1,0,mand,9001,34.0,172,0.5432682935474289
338,414,916,1450756,1,1,0,mand,9070,39.0,170,0.9164545066194046
339,415,917,1450775345t3,1,1,0,kvinde,9070,24.0,80,3.1340665966128665
340,417,919,1450770,1,0,0,kvinde,9046,26.0,136,3.6392675177377876
341,419,921,1450750,1,1,0,mand,8113,45.0,285,1.948929297903325
342,421,923,1450745,1,1,0,mand,9366,34.0,407,2.4767230876531747
343,422,924,1450788,1,1,0,mand,9206,26.0,982,2.6821765707433185
344,423,925,1450789,1,1,0,mand,7360,34.0,249,3.8467445550596144
345,424,926,1450773,1,1,0,mand,7369,34.0,249,1.3948381913535255
346,426,929,1450472,1,0,0,mand,7360,28.0,60,10.080623436073699
347,427,930,806311,1,1,0,mand,9070,24.0,109,0.6550494001455083
348,428,931,1241239,1,1,0,mand,9070,22.0,91,8.048584387166906
349,429,932,1057057,1,1,0,mand,9002,25.0,161,1.8589085982287048
350,430,934,1450740,1,0,0,kvinde,4571,51.0,89,3.6067941192535855
351,431,935,1450753,1,0,0,mand,3448,38.0,89,7.88325261216946
352,432,936,1450764,1,1,0,mand,9067,24.0,1119,16.27695185228646
353,433,937,1450758,1,1,0,mand,9044,25.0,418,2.9742212639980443
354,434,938,1504537,1,0,0,mand,9070,29.0,537,14.727815268779494
355,435,939,1504548,1,1,0,mand,2620,29.0,716,3.5036166391656063
356,436,940,1504556,1,0,0,mand,9070,31.0,135,2.9785649104580707
357,437,941,1504541,1,0,0,mand,9206,25.0,774,5.378389932477822
358,438,942,1504531,1,0,0,mand,9001,26.0,440,2.9814443166146933
359,439,943,1504544,1,1,0,mand,7360,24.0,129,1.0792056653013504
360,441,945,2209178,1,0,0,mand,9070,27.0,464,14.826398358344171
361,442,946,1504547,1,0,1,mand,9070,24.0,2232,14.826398358344171
362,444,948,1504549,1,0,0,mand,7370,35.0,207,2.860755168349117
363,445,949,1504558,1,0,0,mand,9075,24.0,87,8.470184399561031
364,446,950,1504546,1,0,0,kvinde,3448,24.0,87,13.710135609028711
365,447,951,1504538,1,0,0,mand,9075,25.0,87,3.800193451675047
366,448,952,1504533,1,0,0,mand,9245,46.0,85,3.078093694002175
367,449,953,1504536,1,1,0,mand,9001,26.0,82,4.474958304991162
368,450,954,1504607,1,1,0,kvinde,9206,47.0,380,9.089135220385204
369,451,955,1504564,1,1,0,kvinde,9308,53.0,92,4.579828305962192
370,452,956,1504570,1,1,0,kvinde,9308,22.0,123,4.579828305962192
371,453,957,1504600,1,1,0,mand,9075,25.0,123,11.65589387263506
372,454,958,1504575,1,1,0,mand,9075,26.0,153,12.147650954868743
373,455,959,1504589uyfjuytfy,1,1,0,mand,9001,26.0,33,0.908619239006578
374,456,960,1504577,1,0,0,mand,7361,36.0,123,2.5081819577749083
375,457,961,1504574,1,1,0,mand,7371,53.0,214,2.648446226682452
376,458,962,1504588,1,1,0,mand,9001,26.0,240,4.365863808133595
377,459,963,1504561,1,1,1,kvinde,7455,31.0,82,0.7950616046590882
378,460,964,1504583,1,1,0,mand,7455,31.0,1793,0.7950616046590882
379,461,965,1504535,1,1,0,mand,7360,34.0,272,8.115982078728116
380,462,966,1504528,1,1,0,mand,7370,66.0,80,8.648619775470067
381,464,968,1504523,1,0,0,kvinde,9001,18.0,688,1.1074775930709595
382,465,969,1504530,1,1,0,mand,9070,27.0,217,17.66496225934517
383,466,970,1504609,1,1,0,mand,3205,30.0,175,15.725982526905108
384,467,971,1504590,1,1,0,kvinde,9070,31.0,266,3.029174927512837
385,468,972,1504563,1,0,0,kvinde,9001,52.0,266,3.029174927512837
386,469,973,1504578,1,1,0,mand,7370,29.0,570,6.4632717083914075
387,471,975,1504560,1,1,0,mand,7366,73.0,82,1.448709222876321
388,472,976,1504554,1,1,0,kvinde,7360,27.0,133,2.441992210420983
389,473,977,1504566,1,1,0,kvinde,7360,61.0,132,2.2517318086856766
390,474,978,1504610,1,0,0,mand,7371,31.0,308,2.154676846160004
391,475,979,1504576,1,1,0,mand,9070,48.0,124,11.094989769088864
392,476,980,1504565,1,0,0,kvinde,9070,23.0,195,5.537447728993354
393,477,981,1504586,1,0,0,kvinde,7453,32.0,267,0.8190090331668555
394,478,982,1504522,1,0,0,mand,9076,27.0,596,17.615613385832592
395,479,983,1504594,1,0,0,mand,9070,39.0,201,10.616754693582504
396,481,985,1504562,1,1,0,kvinde,7362,25.0,292,8.62911030395179
397,482,986,1504580,1,1,1,mand,9070,28.0,2120,14.187322824180324
398,483,987,1504585,1,1,1,kvinde,7405,27.0,909,0.7342977729907361
399,484,988,1504582,1,0,0,mand,9206,32.0,-29,10.49057362928948
400,485,989,1755070,1,0,0,mand,9001,19.0,795,2.186768707973457
401,486,990,1504584,1,1,0,mand,9070,34.0,54,6.3529437626997565
402,487,991,2025936,1,1,0,kvinde,7370,38.0,153,3.203598568915313
403,488,992,1504604,1,1,0,mand,9070,20.0,403,1.0370776704289326
404,489,993,1504527,1,0,0,mand,9046,25.0,512,10.604277781820123
405,490,994,1504601,1,1,0,mand,7405,25.0,561,0.8576001345790354
406,491,995,1504524,1,1,0,mand,7360,26.0,43,2.7092438795716918
407,492,996,1504569,1,1,0,kvinde,7360,31.0,128,1.4072076179401531
408,493,997,1504700,1,1,0,mand,9206,23.0,92,0.8761476228958991
409,494,998,1504587,1,1,0,mand,81134599103,24.0,213,4.764727703477915
410,495,999,1504572,1,0,0,kvinde,2620,25.0,213,9.045241635835822
411,496,1000,1504597,1,0,0,kvinde,0,21.0,51,17.549397973871823
412,497,1001,1504579,1,0,0,mand,7360,26.0,432,1.4280413463507773
413,498,1002,2025998,1,1,0,mand,9001,32.0,508,1.984414969484504
414,499,1003,1504694,1,1,0,kvinde,7360,27.0,127,0.2560628642095463
415,500,1004,1504698,1,0,0,mand,9070,28.0,275,2.5944407982799214
416,501,1005,1504559,1,1,0,mand,9206,24.0,117,10.228682087833352
417,502,1006,1504551,1,1,0,mand,9206,24.0,117,6.902988831689741
418,503,1007,1504695,1,0,0,mand,9046,25.0,510,1.2713738609445426
419,504,1008,1504539,1,0,0,mand,7360,22.0,444,1.7711600654715696
420,505,1009,1504567,1,0,0,mand,7360,24.0,79,1.7711600654715696
421,506,1010,1754795,1,1,0,mand,6060,19.0,270,2.3759014744755107
422,507,1011,1504693xxx,1,0,0,mand,9076,21.0,150,17.773025178988302
423,509,1013,1504608,1,0,0,mand,9237,30.0,639,2.5104077332192007
424,512,1016,1504605,1,1,0,mand,9001,25.0,108,3.2599447785140248
425,514,1018,1504593,1,0,0,kvinde,7457,29.0,167,2.8682558140721675
426,516,1020,783187,1,0,0,mand,7445,37.0,563,13.44631949089993
427,517,1021,1504699,1,1,0,mand,9001,29.0,496,3.1154724868080215
428,519,1023,1504598,1,0,0,mand,5939,28.0,214,3.1134538038298194
429,520,1024,1504595,1,0,0,mand,7370,32.0,155,1.6374385675842509
430,521,1025,1504599,1,0,0,mand,2620,23.0,184,1.6259050673796651
431,522,1026,972452,1,1,1,mand,7370,33.0,1952,0.9728660754180528
432,523,1027,1504692,1,0,0,mand,2620,30.0,238,2.932083246492219
433,524,1028,1504526,1,0,0,kvinde,7370,26.0,207,3.1134538038298194
434,526,1030,1504620,1,0,0,mand,9070,67.0,78,14.727815268779494
435,528,1032,1504612,1,0,0,kvinde,9001,18.0,370,2.8283758673891595
436,529,1033,1504629,1,0,1,kvinde,7405,34.0,1924,11.23100631223788
437,530,1034,1504630,1,0,1,mand,9054,27.0,1924,2.1244200563819646
438,531,1035,1504655,1,0,0,mand,7360,24.0,103,8.691947178083561
439,532,1036,1504616,1,0,0,mand,7364,23.0,393,14.182712298518457
440,534,1038,1504623,1,0,0,kvinde,9001,19.0,1334,1.5667857387562305
441,535,1039,1504672,1,0,0,mand,7541,23.0,225,8.119045984465847
442,537,1041,1504660,1,1,1,mand,9206,30.0,1911,3.9788001293477433
443,538,1042,1504680,1,0,0,mand,2620,26.0,263,5.209347026245691
444,540,1044,1504663,1,1,0,mand,9206,24.0,136,1.0449736144943504
445,541,1045,1504614,1,0,0,mand,9054,27.0,583,1.5085583916053646
446,542,1046,1504677,1,1,0,mand,7360,52.0,275,3.554099480465129
447,543,1047,1504669,1,1,0,mand,9070,34.0,335,1.5187722491419993
448,547,1051,1504665,1,1,0,mand,9015,29.0,71,1.974238006978916
449,548,1052,1504626,1,1,0,mand,7360,18.0,557,3.3446277348964264
450,549,1053,1504627,1,1,0,mand,7452,18.0,252,4.886115492777806
451,551,1055,1504652,1,1,0,kvinde,4662,22.0,123,9.892568818861019
452,552,1056,1504621,1,0,0,kvinde,9001,19.0,274,3.280229532021058
453,555,1059,1504671,1,0,0,mand,7432,37.0,852,0.9600704603122732
454,556,1060,1504678,1,1,0,mand,9070,19.0,230,4.102272820392245
455,557,1061,1504679,1,1,0,mand,9347,22.0,116,2.9018184212083424
456,558,1062,1504615,1,0,0,mand,9070,28.0,541,14.392850354556042
457,559,1063,1504625,1,1,0,mand,7362,34.0,109,1.8626449652531851
458,560,1064,1504618,1,0,0,mand,9001,52.0,107,2.2385399779038604
459,562,1066,1504658,1,1,1,mand,9206,57.0,1833,2.6595613038728625
460,563,1067,1504591,1,1,0,mand,7360,19.0,122,2.5965327413344808
461,564,1068,1504611,1,1,0,mand,9044,20.0,11,8.302627832651478
462,565,1069,1504670,1,0,0,mand,9070,25.0,544,1.0925181928966674
463,566,1070,1504617,1,1,0,mand,9002,56.0,112,2.5534087095096316
464,568,1072,1504659,1,1,0,kvinde,7540,19.0,106,2.9912442207720353
465,569,1073,1504676,1,1,0,mand,9001,32.0,822,2.463381195079933
466,570,1074,15000000000000,1,1,0,mand,2620,34.0,419,3.747625802342809
467,572,1076,2025981,1,1,0,mand,9206,30.0,1606,3.4364165606793557
468,573,1077,1450775,1,0,0,mand,9070,39.0,996,13.157310866933155
469,574,1078,1504589,1,0,0,mand,9070,39.0,996,5.756351818439332
470,575,1079,1057370,1,0,0,mand,9070,45.0,754,11.665139396897109
471,576,1080,783191,1,0,0,mand,9067,44.0,662,2.925851269738497
472,577,1081,1450475,1,1,0,mand,9001,19.0,111,2.586605134155155
473,578,1082,1961228,1,1,0,mand,7405,56.0,794,8.13473773419727
474,579,1083,1755075,1,0,0,mand,9308,34.0,502,1.2196360578778294
475,580,1084,1755055,1,0,0,mand,9070,41.0,532,2.2056341434013804
476,581,1085,1755056,1,1,0,kvinde,9206,20.0,1289,2.215160057472626
477,582,1086,1755054,1,1,1,kvinde,9206,43.0,1780,2.215160057472626
478,583,1087,1755052,1,1,1,mand,9070,54.0,1779,12.396151074261274
479,584,1088,1755079,1,1,0,mand,9001,26.0,284,38.42780164200375
480,585,1089,1755031,1,0,0,kvinde,9070,18.0,235,836.8941946565133
481,586,1090,1755068,1,1,0,mand,3448,24.0,154,15.413789008925114
482,587,1091,1755050,1,0,1,mand,9206,30.0,1770,2.9714895996189084
483,588,1092,1755060,1,1,0,,9001,19.0,29,2.414826517085572
484,589,1093,1755069,1,1,0,kvinde,9070,23.0,970,8.55386263269629
485,590,1094,1755047,1,1,0,mand,0,34.0,55,0.5409261078910728
486,591,1095,1755077,1,1,0,mand,9046,23.0,605,1.2713738609445426
487,592,1096,17550441111,1,0,0,mand,7363,22.0,176,19.5950964303999
488,593,1097,1754775,1,1,0,mand,9001,27.0,834,1.0925181928966674
489,595,1099,1755076,1,1,0,kvinde,9001,26.0,169,6.828079795591448
490,596,1100,1755078,1,1,0,kvinde,7370,27.0,413,2.8785177407169487
491,597,1101,1755032,1,1,0,kvinde,8461,29.0,164,6.4632717083914075
492,598,1102,783183,1,1,0,mand,9001,48.0,123,2.7259167624576786
493,599,1103,1755037,1,1,0,mand,7366,18.0,164,1.011460427886259
494,601,1105,1755046,1,1,0,mand,7360,29.0,58,3.1154724868080215
495,602,1106,1755049,1,1,0,mand,5344,26.0,211,1.9231229699501842
496,603,1107,1755067,1,1,0,mand,2620,33.0,935,2.4767230876531747
497,604,1108,1755040,1,1,0,mand,9075,23.0,265,2.5744435421918883
498,605,1109,1755036111,1,1,0,kvinde,1111,8.0,356,5130.987172549408
499,606,1110,1755065,1,1,1,kvinde,5344,19.0,55,1.5813925838126668
500,607,1111,1755066,1,1,0,mand,9452,44.0,1237,1.7641196798605905
501,608,1112,1755061,1,1,0,kvinde,7432,30.0,712,0.9600704603122732
502,609,1113,17550581111,1,1,0,mand,7406,45.0,512,17.859916783006238
503,610,1114,1755062,1,1,0,mand,9001,21.0,204,1.001176580572126
504,611,1115,1755033,1,0,0,kvinde,0,19.0,49,3.1798484092708668
505,613,1117,1755035,1,1,0,mand,9070,27.0,36,0.9421904318379906
506,614,1118,1755045,1,1,0,kvinde,0,19.0,42,0.9421904318379906
507,615,1119,1755051,1,1,0,kvinde,9070,18.0,392,0.6608849355232737
508,616,1120,1755039,1,1,1,mand,9001,36.0,1637,2.578767461413661
509,617,1121,1755059,1,0,0,kvinde,0,18.0,8,3.1798484092708668
510,618,1122,1755074,1,1,0,kvinde,9001,48.0,496,3.132180583295132
511,619,1123,1755072,1,1,0,kvinde,9001,25.0,496,3.132180583295132
512,620,1124,11111,1,1,0,mand,7360,27.0,20,0.975926834564524
513,621,1125,1754740,1,1,0,mand,9001,44.0,473,3.132180583295132
514,623,1127,1754762,1,1,0,kvinde,9001,26.0,46,2.853254170476312
515,624,1128,1754749,1,0,0,kvinde,9070,74.0,1372,0.5693532577722209
516,626,1130,1754772,1,1,0,mand,2620,27.0,116,3.359305972021112
517,627,1131,1754791,1,1,0,mand,7370,24.0,174,4.028017952343872
518,628,1132,1754747,1,0,0,kvinde,9001,21.0,58,1.9042538166006
519,629,1133,1754809,1,0,0,mand,0,31.0,92,1.6772572612399388
520,630,1134,1754783,1,1,0,mand,7360,27.0,200,0.975926834564524
521,631,1135,11111111,1,1,0,mand,7371,18.0,-14,3.5944836275080383
522,632,1136,175000000000,1,1,0,mand,9070,37.0,137,2.803753251545484
523,633,1137,1754807,1,1,1,mand,9070,41.0,1569,3.5700674042459943
524,634,1138,1754826,1,1,0,mand,9054,24.0,128,15.995018865493071
525,635,1139,1754808000,1,1,0,mand,7443,33.0,6,46.912404095209034
526,636,1140,1754761,1,1,0,mand,8113,43.0,281,208.13360887750062
527,637,1141,1754743,1,1,0,kvinde,9075,30.0,280,0.8576001345790354
528,638,1142,1754753,1,1,0,mand,9070,35.0,1490,1.9536766919872568
529,639,1143,175000000000,1,1,0,mand,9070,48.0,534,4.819378923130087
530,640,1144,1754778,1,1,0,kvinde,9070,45.0,534,4.819378923130087
531,641,1145,1754827,1,1,0,mand,7365,25.0,412,16.039715842276554
532,642,1146,1754741,1,1,1,mand,9001,36.0,150,0.5835251287474205
533,643,1147,1754746,1,1,1,mand,9001,33.0,1534,0.5835251287474205
534,644,1148,1754751,1,0,0,mand,9067,34.0,69,1.8604127551189524
535,645,1149,1754817,1,1,0,mand,9001,23.0,84,8.464267330521869
536,647,1151,1754787,1,1,1,mand,9001,25.0,1503,4.995875348155548
537,648,1152,1754776,1,1,0,mand,7420,30.0,859,18.181791728291717
538,649,1153,1754789,1,1,0,kvinde,9067,31.0,186,15.22013104844244
539,650,1154,1754810,1,1,0,mand,7401,22.0,63,16.390208619903756
540,651,1155,1111145654,1,1,0,mand,6060,19.0,-1,2.3759014744755107
541,652,1156,1754768,1,1,0,mand,8215,22.0,302,1.8596851520228943
542,654,1158,1754830,1,1,0,mand,5344,27.0,483,1.8062707461776195
543,656,1160,1754767,1,1,0,mand,5501,27.0,264,1.1904560597186191
544,657,1161,1754770,1,1,0,mand,5071,19.0,356,2.6265576464878158
545,658,1162,1754798,1,1,0,mand,9070,20.0,304,0.25005442290071395
546,659,1163,1754792,1,1,1,mand,9006,32.0,1485,10.031816570279117
547,660,1164,1754756,1,1,0,mand,9206,19.0,49,1.2405462181103664
548,661,1165,1754771,1,1,0,mand,9046,22.0,75,9.692946128351947
549,662,1166,782709,1,1,0,mand,9070,43.0,494,3.697584825725997
550,663,1167,1754754,1,0,1,mand,7360,43.0,1471,3.717774856730741
551,664,1168,1754788,1,1,0,mand,9067,31.0,156,15.22013104844244
552,665,1169,1754780,1,1,0,mand,4571,42.0,674,5130.987172549408
553,667,1171,1754757,1,1,0,kvinde,9070,26.0,570,18.181791728291717
554,668,1172,1754742,1,1,1,mand,7360,22.0,454,1.263003559432586
555,670,1174,1754734,1,1,0,kvinde,7360,29.0,44,2.614914194745704
556,671,1175,1754800,1,1,0,kvinde,9070,17.0,293,1.415553860352954
557,672,1176,1754736,1,1,0,mand,9070,29.0,411,14.727815268779494
558,673,1177,1754805,1,1,0,mand,5392,26.0,653,2.2848230922215915
559,674,1178,1754764,1,1,0,mand,7361,33.0,404,15.694291706294294
560,675,1179,1754737,1,1,0,mand,9206,23.0,185,46.430941553698815
561,676,1180,1754779,1,1,0,kvinde,7370,20.0,1188,2.9248770660213195
562,677,1181,1754819,1,0,0,mand,9001,28.0,599,7.904781176492117
563,678,1182,1754824,1,0,0,mand,9001,23.0,1158,7.904781176492117
564,679,1183,1754803,1,0,0,mand,9001,31.0,519,5.423442571684902
565,680,1184,1754738,1,0,0,mand,400,17.0,101,1.2863007599804608
566,681,1185,1111,1,0,0,mand,9070,50.0,20,0.8535618143870953
567,682,1186,1754760,1,1,0,mand,8113,35.0,149,3.18619763954311
568,683,1187,1754739,1,1,0,kvinde,0,18.0,180,2.8723272529331325
569,684,1188,1754755,1,0,0,mand,9001,25.0,692,2.7092438795716918
570,685,1189,1754733,1,1,0,mand,7360,22.0,1173,135.87812115390358
571,686,1190,1754774,1,1,0,mand,1111,26.0,44,43.58753154670613
572,687,1191,1754802,1,1,0,mand,7370,30.0,647,3.04629307389516
573,688,1192,1754799,1,0,0,mand,9001,23.0,249,1.2044178198868063
574,689,1193,1754818,1,0,0,mand,9206,23.0,341,2.2918625108909043
575,690,1194,1754759,1,1,0,mand,5344,20.0,882,3.1574346537379783
576,691,1195,1754781,1,1,0,mand,7370,31.0,1209,15.684736540297713
577,692,1196,1754821,1,1,0,mand,7366,24.0,145,1.7773136121276385
578,693,1197,1754765,1,1,1,mand,7371,22.0,225,5.226996883583703
579,695,1199,1754797,1,1,0,kvinde,5344,20.0,-19,0.7642792840818735
580,696,1200,1755063,1,1,0,mand,9044,25.0,260,1.0876731612260695
581,697,1201,1755057,1,0,0,kvinde,2620,37.0,440,1.0069444016948934
582,698,1202,2209105,1,0,1,mand,7370,24.0,242,1.5714247295131019
583,700,1204,1754816,1,1,0,kvinde,9001,45.0,253,1.2918985653439266
584,701,1205,1754766,1,1,0,mand,9067,63.0,131,1.2918985653439266
585,703,1207,1754786,1,0,0,kvinde,9001,21.0,389,0.8093237603464075
586,705,1209,1754822,1,1,0,mand,7370,35.0,296,10.229896594391812
587,706,1210,1754808,1,1,0,mand,9046,21.0,841,8.94530280386089
588,707,1211,2026024,1,1,0,mand,9001,28.0,541,4.7932478357948165
589,708,1212,1754829,1,1,0,mand,7370,25.0,256,30.767068318592127
590,709,1213,1754732,1,1,0,mand,7420,30.0,461,3.2594883863055117
591,710,1214,1754811,1,1,0,kvinde,7361,24.0,243,1.6955200371570534
592,712,1216,1754744,1,1,0,mand,7540,21.0,69,0.8978419867324869
593,713,1217,1754823,1,1,1,mand,2620,44.0,1301,5.397186597742441
594,714,1218,111111,1,1,0,mand,1111,47.0,-17,1.6535593182294468
595,716,1220,1961242,1,1,1,mand,7361,39.0,54,1.641972126891228
596,718,1222,1754828,1,1,0,kvinde,0,34.0,92,1.6138555451758223
597,719,1223,1961241,1,1,0,mand,9001,24.0,571,2.8786180139749016
598,721,1225,1961250,1,1,1,mand,9001,23.0,1267,2.9085670573277973
599,722,1226,1961243,1,1,0,mand,9070,18.0,104,2.912237202831849
600,723,1227,1961253,1,1,0,mand,9070,27.0,770,2.611037149073686
601,724,1228,1961251,1,1,0,mand,7364,31.0,215,2.4487189967815506
602,726,1230,0,1,1,0,mand,9070,46.0,-6,12.690764771395807
603,727,1231,1961244,1,1,0,mand,7365,21.0,232,7.9827085191841824
604,728,1232,1961255,1,1,1,mand,9001,35.0,1193,3.897420572055825
605,729,1233,1754758,1,1,0,mand,9001,27.0,71,1.688550678166883
606,730,1234,1961246,1,1,1,mand,7370,32.0,1231,1.6374385675842509
607,732,1236,1504651,1,1,0,mand,9044,26.0,236,2.7604253652738846
608,733,1237,1961245,1,1,0,mand,9075,37.0,417,17.956387615791954
609,735,1239,1961259,1,1,0,kvinde,9001,30.0,707,1.0925181928966674
610,736,1240,1961249,1,1,0,mand,9070,23.0,189,7.848085091524296
611,737,1241,1754806,1,0,1,kvinde,9001,50.0,176,1.2600637677967954
612,738,1242,1754782,1,0,0,mand,7370,28.0,36,0.5593935359738921
613,741,1245,1755064,1,0,0,kvinde,7405,23.0,90,0.7651974590874745
614,742,1246,1961171,1,0,0,mand,9001,23.0,783,7.234618299318742
615,743,1247,1961174,1,1,0,mand,1111,56.0,-14,688.4590954268658
616,744,1248,1961176,1,1,0,mand,9070,24.0,406,0.9421904318379906
617,746,1250,1961175,1,1,0,mand,9070,46.0,244,3.1154724868080215
618,747,1251,1961172,1,1,0,kvinde,5071,33.0,731,18.757440304688426
619,748,1252,1961179,1,1,0,mand,9001,23.0,178,1.7353492670705826
620,749,1253,1961178,1,1,0,mand,9001,31.0,226,2.753729238066567
621,750,1254,1961177,1,0,1,mand,7360,23.0,1154,2.502827749438751
622,751,1255,1961181,1,0,0,mand,9067,38.0,237,17.274144962656447
623,752,1256,1961164,1,0,0,kvinde,9001,50.0,145,1.2600637677967954
624,753,1257,1755044,1,1,0,kvinde,7370,20.0,328,1.883565063195216
625,754,1258,1961182,1,1,0,mand,7370,30.0,138,4.882101794004062
626,755,1259,1961170,1,0,0,mand,9070,39.0,192,3.1154724868080215
627,756,1260,1961165,1,0,1,mand,9001,25.0,1140,43.163842209580146
628,757,1261,1961188,1,0,0,mand,9070,44.0,98,3.004334713555825
629,758,1262,1961166,1,0,0,mand,5344,30.0,126,0.6609282765955619
630,759,1263,1961167,1,0,0,mand,9046,32.0,157,5.130347809302418
631,760,1264,1961190,1,0,0,mand,7360,26.0,98,2.479635977474945
632,761,1265,11111145345,1,1,0,mand,7361,20.0,5,2.3878480349391302
633,762,1266,1961163,1,1,0,kvinde,9206,25.0,180,8.091911426760513
634,763,1267,1960000000000000,1,1,0,mand,9070,21.0,425,2.1179284803693017
635,764,1268,1961168,1,1,0,mand,7360,24.0,499,1.263003559432586
636,767,1271,1961189,1,1,0,mand,2620,43.0,943,4.7805358176824555
637,768,1272,1961169,1,1,0,kvinde,9001,19.0,270,0.3174856038006164
638,769,1273,1504692,1,1,1,mand,9001,47.0,1065,6.174295210803539
639,770,1274,1961258,1,0,0,mand,9070,19.0,207,2.6953900157417725
640,771,1275,1241189,1,0,0,mand,9070,20.0,207,4.385570141121496
641,772,1276,2025969,1,1,0,kvinde,687,33.0,446,12.98829321506534
642,773,1277,1961217,1,1,1,kvinde,9190,17.0,1058,2.1229417043769154
643,774,1278,2025963,1,0,0,mand,9001,18.0,231,1.2918985653439266
644,775,1279,2209202,1,1,0,mand,5344,21.0,37,5.414029389591186
645,776,1280,2025994,1,1,1,kvinde,1111,16.0,1051,2.8283233811273893
646,777,1281,2025987,1,1,0,mand,9075,25.0,195,3.214293899308444
647,778,1282,2025991,1,0,1,kvinde,9001,16.0,1049,0.3174856038006164
648,779,1283,2025993,1,0,1,mand,9174,17.0,1049,0.3060892348609097
649,780,1284,2025974,1,0,1,mand,7406,47.0,1042,3.3772839397107672
650,781,1285,2026007,1,0,1,kvinde,9174,20.0,1042,0.3060892348609097
651,782,1286,2025984,1,0,0,kvinde,9075,22.0,398,1.263003559432586
652,783,1287,2025983,1,1,0,kvinde,9001,27.0,274,10.347784261963891
653,784,1288,2025968,1,1,1,kvinde,7453,32.0,1035,0.8190090331668555
654,785,1289,2025997,1,1,0,kvinde,9075,16.0,301,1.4455800536366192
655,786,1290,2026016,1,1,0,mand,5344,18.0,102,0.7642792840818735
656,787,1291,2025934,1,1,0,mand,7365,18.0,599,2.3193781297913616
657,789,1293,1961227,1,1,1,mand,7360,23.0,1023,0.9421904318379906
658,790,1294,2026013,1,1,0,mand,5344,22.0,647,0.5167523705154579
659,791,1295,1961226,1,1,0,mand,9001,53.0,610,3.4721073506273754
660,792,1296,2025990,1,1,0,mand,6771,32.0,365,1.6138555451758223
661,794,1298,1961215,1,1,0,mand,9076,40.0,133,28.675722536354037
662,795,1299,2025995,1,1,0,mand,1551,21.0,909,5.039281638175138
663,796,1300,1961209,1,1,0,mand,7360,20.0,354,1.3675275632497066
664,797,1301,1961218,1,1,0,mand,9001,20.0,264,8.604398834886448
665,798,1302,1961239,1,1,0,kvinde,9001,33.0,623,0.5432682935474289
666,799,1303,1961216,1,1,0,mand,8113,45.0,165,0.8695210379099799
667,800,1304,2025979,1,1,0,kvinde,8113,19.0,165,1.1724980958688405
668,801,1305,2025978,1,1,0,mand,7365,22.0,255,2.998967610961774
669,803,1307,2025933,1,0,1,mand,7370,34.0,951,0.8190090331668555
670,805,1309,2025988,1,1,1,mand,9070,21.0,944,6.660443271533129
671,806,1310,1961225,1,1,0,mand,2620,21.0,180,3.5029477401379623
672,807,1311,2026030,1,1,0,kvinde,9001,21.0,180,8.591686560967247
673,808,1312,2025971,1,1,0,kvinde,9067,28.0,269,3.49050712642894
674,809,1313,1961229,1,1,0,kvinde,9070,56.0,295,2.618837855968716
675,811,1315,2025935,1,1,0,mand,9070,29.0,202,1.0948694093393048
676,812,1316,783122,1,0,0,mand,9070,44.0,-6385,3.2687177584173237
677,813,1317,1961237,1,0,0,kvinde,9070,28.0,-13,3.2687177584173237
678,814,1318,2026006,1,0,0,kvinde,9070,17.0,130,757.4783915875176
679,815,1319,2026021,1,0,1,mand,5381,16.0,919,2.659982908284233
680,816,1320,2209103,1,0,0,mand,5381,25.0,247,2.659982908284233
681,818,1322,1961233,1,1,0,mand,1551,34.0,60,1.127267346928392
682,819,1323,2025940,1,1,0,mand,9070,27.0,152,2.774131728741033
683,820,1324,11113dtergtfewrgf,1,1,0,mand,7406,23.0,-1,7.065245790596787
684,821,1325,2025973,1,0,0,mand,9206,32.0,152,10.49057362928948
685,822,1326,111154345t,1,0,0,mand,2620,23.0,-9,1.9180736458648568
686,823,1327,2025989,1,1,0,mand,7370,48.0,51,0.2105919010947037
687,824,1328,19600000000000,1,1,0,mand,1551,23.0,-15,1.9180736458648568
688,825,1329,1961208,1,0,0,mand,1111,51.0,163,148.76466842295704
689,826,1330,2026018,1,0,0,mand,7370,16.0,253,0.8504621491069064
690,827,1331,2026019,1,0,1,mand,2620,23.0,888,1.9180736458648568
691,828,1332,2025967,1,1,0,mand,7405,52.0,272,23.200150394858376
692,829,1333,2025966,1,1,1,mand,5344,35.0,325,2.2663974198772605
693,830,1334,1754769,1,1,0,mand,7360,72.0,782,8.235938534209847
694,831,1335,2209097,1,0,0,mand,9070,16.0,840,9.757319786916929
695,832,1336,2025944,1,0,0,mand,9028,17.0,340,6.321306690913549
696,833,1337,2026009,1,1,0,mand,7370,34.0,61,9.964003434712854
697,834,1338,2209089,1,1,0,mand,2610,17.0,719,6.144133499803572
698,835,1339,2209130,1,0,1,kvinde,9001,19.0,841,3.280229532021058
699,836,1340,2026026,1,0,0,mand,7370,18.0,562,0.2105919010947037
700,837,1341,2026027,1,0,0,mand,9070,24.0,138,12.132698617937855
701,838,1342,2025939,1,0,0,kvinde,9067,33.0,442,2.422744579356733
702,839,1343,2025992,1,0,0,kvinde,9067,35.0,442,2.422744579356733
703,840,1344,2026025,1,1,1,mand,9070,35.0,591,14.409489321301928
704,841,1345,2026014,1,1,0,mand,9070,17.0,409,0.8576001345790354
705,842,1346,1961240,1,1,0,kvinde,5344,19.0,68,8.718781894390839
706,843,1347,2026012,1,1,0,kvinde,7370,24.0,181,2.67292847737662
707,844,1348,2025950,1,0,0,mand,7360,17.0,212,2.377498307739293
708,845,1349,2025937,1,0,1,mand,7370,28.0,825,1.343293575641279
709,846,1350,2026003,1,1,1,kvinde,9865,41.0,301,0.7730799565501407
710,847,1351,1755034,1,1,0,kvinde,9001,21.0,174,8.429003444603248
711,848,1352,2026002,1,1,1,mand,9314,30.0,804,3.0478159374497205
712,849,1353,1961203,1,1,0,mand,9070,30.0,101,2.3415953984088245
713,850,1354,1961205,1,1,0,kvinde,7370,18.0,352,2.6423247130678305
714,851,1355,2026017,1,0,0,kvinde,9070,43.0,75,3.710117094963479
715,852,1356,1961223,1,0,0,mand,7365,23.0,316,2.5531473561959066
716,853,1357,1961206,1,0,0,kvinde,7364,23.0,132,2.5531473561959066
717,854,1358,1961210,1,0,1,mand,9028,50.0,776,1.4698353707074423
718,855,1359,1961230,1,0,0,kvinde,9070,19.0,71,2.2413071684699952
719,856,1360,1961201,1,0,0,kvinde,9070,23.0,71,2.2413071684699952
720,857,1361,2026015,1,0,0,mand,9070,50.0,71,5130.987172549408
721,858,1362,783155,1,1,0,mand,9001,68.0,400,0.6515699274110329
722,860,1364,972478,1,1,0,mand,7363,57.0,-63,3.5560704415423787
723,861,1365,2025938,1,1,1,mand,7363,57.0,762,3.5560704415423787
724,862,1366,1961214,1,0,0,kvinde,9001,18.0,205,1.2600637677967954
725,863,1367,2025946,1,1,0,mand,5344,41.0,143,2.575558772836263
726,864,1368,2025951,1,0,0,kvinde,7372,33.0,508,2.295882475132796
727,865,1369,2025954,1,1,0,mand,9001,28.0,722,15.384516902246089
728,866,1370,2026022,1,1,0,mand,1111,23.0,21,12.097908301589575
729,868,1372,1961235,1,1,1,mand,7360,38.0,755,2.4971902920501865
730,869,1373,2026000,1,1,0,kvinde,9070,27.0,256,0.8227524104772487
731,870,1374,1961236,1,1,0,mand,9070,30.0,244,0.8227524104772487
732,872,1377,2025977,1,0,0,mand,9070,22.0,207,2.4095053204295804
733,874,1379,2025972,1,0,0,mand,7372,24.0,360,8.186046832711419
734,875,1381,2025955,1,0,0,kvinde,9001,48.0,76,3.6223097457053575
735,876,1382,2209127,1,0,0,mand,0,52.0,472,6.159797113714899
736,877,1383,2025980,1,1,0,mand,9001,56.0,165,2.8489763272830544
737,878,1384,1961204,1,0,0,mand,1111,18.0,70,10.472898952689826
738,880,1386,2025945,1,0,0,mand,1688,22.0,149,2.824011361624008
739,881,1387,2025982,1,0,0,mand,9001,22.0,118,2.824011361624008
740,882,1388,1961234,1,1,0,mand,5344,19.0,147,1.2046941231671853
741,883,1389,2025941,1,1,0,mand,5344,17.0,208,1.2046941231671853
742,884,1390,2025996,1,1,0,mand,7370,18.0,116,3.5245487559191697
743,885,1391,1961231,1,1,1,mand,7369,31.0,699,0.8528252843351557
744,886,1392,2026011,1,1,0,kvinde,5067,30.0,665,0.8528252843351557
745,887,1393,2025953,1,1,1,mand,2620,16.0,92,1.5283277009272243
746,888,1394,2025948,1,1,0,mand,2620,51.0,695,1.5283277009272243
747,889,1395,2025964,1,1,1,kvinde,1551,36.0,699,8.157180035993969
748,891,1397,111000000000,1,1,0,mand,4030000000000000,34.0,16,19.725591335081234
749,892,1398,2026005,1,1,0,mand,9070,43.0,672,8.161775124822965
750,893,1399,2026028,1,0,0,mand,5479,19.0,274,4.2393193833895575
751,894,1400,2025962,1,0,0,mand,2620,26.0,53,2.117383652067863
752,896,1402,2025956,1,0,0,kvinde,7360,28.0,509,0.9166999343857836
753,898,1404,2025932,1,1,1,mand,9001,19.0,663,4.610345353907708
754,899,1405,1961221,1,0,1,mand,9070,33.0,659,0.9679868102109952
755,900,1406,2025942,1,1,1,mand,7445,32.0,657,3.1289428883649157
756,901,1407,2025947,1,0,1,mand,9001,38.0,657,1.5205180702211571
757,902,1408,1961213,1,1,1,mand,9001,37.0,657,3.2193041967541163
758,903,1409,1961222,1,0,0,kvinde,9015,20.0,222,0.8978419867324869
759,904,1410,1961202,1,0,0,mand,9206,20.0,276,16.737269861009032
760,906,1412,1961238,1,1,1,kvinde,9001,23.0,643,1.3814773185652485
761,907,1413,1961212,1,1,0,mand,7370,19.0,331,11.066968964924397
762,908,1414,1961191,1,1,1,mand,9070,32.0,636,3.0652785092175567
763,909,1415,1961200,1,0,1,kvinde,9001,22.0,624,14.09444633527743
764,910,1416,2209204,1,1,1,mand,8113,43.0,622,208.13360887750062
765,911,1417,2209141,1,0,0,mand,9001,27.0,119,3.4721073506273754
766,912,1418,2209217,1,0,0,kvinde,7370,17.0,51,0.6360318873120768
767,913,1419,2209215,1,0,0,kvinde,9206,19.0,143,3.544200197915767
768,914,1420,2209052,1,1,0,mand,9206,20.0,294,15.527063833062732
769,915,1421,2209201,1,1,0,mand,9070,22.0,79,0.25005442290071395
770,916,1422,2209180,1,1,0,mand,9076,21.0,79,17.773025178988302
771,917,1423,11100000000000,1,1,0,kvinde,7370,22.0,13,19.464932466209508
772,918,1424,2209146,1,1,0,mand,9001,18.0,283,2.8283758673891595
773,919,1425,2209144,1,0,0,mand,5352,34.0,220,19.186192736501468
774,920,1426,2209210,1,1,0,mand,9343,26.0,492,1.3494799764341967
775,921,1427,2209056,1,0,0,mand,9070,33.0,183,1.865931039895089
776,922,1428,2209171,1,0,1,mand,9206,34.0,582,1.865931039895089
777,923,1429,2209173,1,0,0,mand,7361,55.0,456,0.883396844520252
778,924,1430,2209060,1,0,0,mand,9070,19.0,466,9.731735498543543
779,925,1431,2209148,1,0,0,mand,9070,19.0,192,10.679664691514427
780,926,1432,2209147,1,0,0,mand,9033,20.0,101,3.057482650974372
781,927,1433,2209213,1,1,0,mand,9001,21.0,165,2.3660815132003683
782,928,1434,2209172,1,1,0,mand,9070,33.0,214,0.8324320930388355
783,929,1435,2209209,1,1,1,mand,9075,30.0,545,1.4798979611545482
784,930,1436,2209059,1,0,0,mand,9070,44.0,504,9.757319786916929
785,932,1438,2209214,1,0,1,mand,2620,37.0,526,5.178157919796266
786,933,1439,2209053,1,0,1,mand,7370,34.0,519,11.23100631223788
787,934,1440,1961199,1,0,1,kvinde,1551,38.0,512,0.8736716238034183
788,935,1441,2209177,1,1,0,mand,9046,30.0,31,5.557381514462861
789,936,1442,1961197,1,1,0,mand,9070,23.0,211,43.59316394699873
790,937,1443,2209057,1,1,1,mand,5655,26.0,489,18.493600387188586
791,938,1444,1961192,1,1,0,mand,5344,27.0,151,12.199087243694132
792,939,1445,2209058,1,1,0,mand,7366,19.0,84,3.86973452946542
793,940,1446,2209207,1,0,0,kvinde,9070,22.0,259,10.14803971734352
794,942,1448,1961196,1,0,1,mand,9001,26.0,22,0.4986557610540631
795,943,1449,2209174,1,1,0,mand,5344,20.0,192,0.7642792840818735
796,944,1450,22092016,1,0,1,mand,9046,35.0,463,2.038924234309932
797,945,1451,2209205,1,0,1,mand,9070,22.0,463,2.2199779189609097
798,946,1452,2209218,1,1,1,mand,1621805963,42.0,461,0.7668097464573045
799,947,1453,2209145,1,1,1,mand,5170,31.0,461,2.8836391834775914
800,948,1454,2209179,1,1,1,mand,9001,20.0,457,4.603243379529793
801,949,1455,2209150,1,0,1,mand,9070,37.0,454,1.38459722850637
802,951,1457,1961198,1,0,0,mand,9001,22.0,347,1.0189626221364372
803,953,1459,2209211,1,1,0,mand,7530,19.0,43,17.660238005432134
804,954,1460,2209142,1,0,0,kvinde,7405,27.0,36,249.25520019933973
805,956,1462,2209206,1,1,0,kvinde,7370,15.0,52,0.2105919010947037
806,957,1463,2209175,1,0,0,kvinde,9001,13.0,169,11.382550334187426
807,958,1464,2209189,1,0,0,mand,6771,31.0,159,0.9065900200097202
808,959,1465,2026272,1,1,0,mand,7370,25.0,86,4.961280060683738
809,962,1468,2209185,1,1,1,mand,5344,52.0,364,1.6345342308528024
810,963,1469,2209184,1,0,0,kvinde,7360,21.0,293,1.3914192241381762
811,964,1470,2209070,1,1,0,mand,1111,57.0,115,1.2046941231671853
812,965,1471,2209165,1,0,1,mand,7360,37.0,330,1.1668722395822697
813,966,1472,2026244,1,0,1,mand,9046,27.0,330,60.03547126362772
814,967,1473,2026271,1,0,1,mand,7370,22.0,330,2.8748667585550844
815,968,1474,2209162,1,1,1,mand,9001,26.0,330,6.828079795591448
816,969,1475,2209101,1,1,0,kvinde,1551,34.0,100,8.740168564160504
817,970,1476,2209061,1,0,1,kvinde,7540,44.0,316,11.199247949159618
818,971,1477,2209183,1,0,0,kvinde,7540,15.0,129,11.199247949159618
819,972,1478,2209169,1,0,0,kvinde,9001,19.0,159,1.1687077446100105
820,973,1479,2209188,1,0,0,kvinde,9001,15.0,152,1.1687077446100105
821,974,1480,2026243,1,1,0,mand,9001,36.0,180,9.118767827014693
822,975,1481,2209067,1,1,1,kvinde,7360,15.0,302,0.8576001345790354
823,976,1482,2209068,1,1,0,kvinde,9070,15.0,115,2.081529272529271
824,977,1484,2026276,1,0,0,mand,9001,41.0,87,1.0260452020240134
825,978,1485,2209090,1,0,0,kvinde,0,31.0,87,0.8683292515368151
826,980,1487,2209163,1,1,0,kvinde,9070,35.0,268,31.697941341369578
827,981,1488,2209161,1,1,0,kvinde,7364,25.0,176,1.3494799764341967
828,982,1489,2209166,1,0,1,kvinde,0,15.0,253,1.3814773185652485
829,984,1491,2026245,1,1,1,mand,9070,29.0,248,1.8894790089398268
830,985,1492,2026247,1,1,0,kvinde,7360,23.0,57,2.1082964167745035
831,986,1493,2209064,1,1,0,mand,7360,27.0,57,1.0925181928966674
832,987,1494,2026242,1,1,0,mand,7360,15.0,57,1.0925181928966674
833,988,1495,2209094,1,1,0,mand,3874,18.0,149,2.4856110370340674
834,989,1496,2209069,1,0,1,mand,9070,30.0,239,18.42153699206909
835,990,1497,2026274,1,0,0,kvinde,0,25.0,205,3.2961969040685446
836,993,1500,2209190,1,0,1,mand,9001,18.0,36,0.33994148549188563
837,994,1501,2209170,1,0,0,kvinde,7360,20.0,153,0.8811871569460175
838,995,1502,2209066,1,0,0,mand,2620,27.0,153,0.8811871569460175
839,996,1503,2209164,1,0,0,mand,7260,38.0,-14,2.517664018543448
840,997,1504,2026250,1,0,0,mand,7401,28.0,88,1.3914192241381762
841,998,1505,2209110,1,1,0,mand,111,41.0,81,31.94572944806593
842,999,1506,2209085,1,1,1,mand,9070,33.0,175,3.290205379451055
843,1000,1507,2209182,1,0,0,kvinde,9067,21.0,43,0.9679868102109952
844,1001,1508,2209107,1,1,1,mand,2620,29.0,163,3.809180096210425
845,1002,1509,2209129,1,0,0,mand,0,39.0,60,0.8736716238034183
846,1003,1510,2209102,1,0,1,kvinde,0,17.0,134,0.7451935384126843
847,1005,1512,2026275,1,0,1,mand,9070,21.0,120,2.1179284803693017
848,1006,1513,2209235,1,0,1,,0,27.0,120,1.4744977160383226
849,1007,1514,2209092,1,1,1,mand,333,26.0,99,2.362779391167395
850,1008,1515,2209108,1,0,1,,XXX,18.0,92,1.38459722850637
851,1010,1518,2209098,1,0,1,kvinde,0,59.0,64,14.253399882873024
852,1011,1519,2209239,1,1,1,kvinde,0,58.0,57,3.076790758213684
853,1012,1520,2209081,1,0,1,kvinde,0,35.0,57,2.361711490202864
854,1013,1521,2209099,1,0,1,kvinde,0,24.0,57,2.7020144395630408
855,1014,1522,2026249,1,0,1,kvinde,0,25.0,57,2.7020144395630408
856,1015,1523,2026279,1,0,1,kvinde,0,28.0,57,6.142173089043991
857,1017,1525,2209168,1,1,1,kvinde,9314,43.0,55,3.7296245553501
858,1018,1526,2209082,1,1,1,mand,5170,18.0,55,0.1891584039028852
859,1019,1527,2209234,1,0,1,mand,0,24.0,50,0.6550494001455083
860,1020,1528,2209095,1,0,1,mand,0,34.0,50,17.10171799395612
861,1021,1530,2209233,1,1,1,kvinde,7370,26.0,48,143.82374791829346
862,1023,1532,2209091,1,0,1,mand,0,26.0,43,4.456904640959999
863,1025,1534,2209123,1,1,1,mand,1111,20.0,42,7.3561621620864415
864,1026,1535,2209019,1,1,1,mand,111,19.0,42,2.5461045230654817
865,1027,1536,2209083,1,1,0,mand,9001,42.0,67,4.707027541580558
866,1029,1538,2209087,1,0,1,kvinde,0,50.0,36,5.1712727532174725
867,1030,1539,2209121,1,0,1,mand,0,49.0,36,5.1712727532174725
868,1031,1540,2209104,1,0,1,mand,7454,34.0,34,12.493451654111832
869,1032,1541,2209122,1,0,1,mand,7405,56.0,29,14.949612488967116
870,1033,1542,2209167,1,0,1,mand,9046,24.0,29,2.0237524546999053
871,1034,1543,2209231,1,0,1,mand,7370,19.0,27,3.4431222702629705
872,1035,1544,2026246,1,0,1,kvinde,9163,27.0,22,0.4986557610540631
873,1036,1545,2209176,1,0,1,mand,7370,25.0,22,2.626738385545229
874,1037,1546,2209238,1,1,1,mand,7420,39.0,20,14.498075834283464
875,1038,1547,2564850,1,1,1,mand,9001,27.0,15,0.8144705117195402
876,1039,1548,2026278,1,0,1,mand,7360,19.0,15,2.590217916749641
877,1040,1549,2209203,1,0,1,mand,9046,28.0,15,11.481608261574475
